Id,Name,Category,ChestMain,DeltoidAnterior,DeltoidLateral,DeltoidPosterior,Biceps,Triceps,Forearms,Lats,Rhomboids,LowerBack,Abs,CoreStabilizers,Quadriceps,Hamstrings,Glutes,Calves
1001,3/4 sit-up,waist,0.0,0.0,0.0,0.0,0.0,0.0,0.0,0.0,0.0,0.0,1.0,0.5,0.3,0.0,0.0,0.0
1002,45° side bend,waist,0.0,0.0,0.0,0.0,0.0,0.0,0.0,0.0,0.0,0.3,0.7,0.4,0.0,0.0,0.0,0.0
1003,air bike,waist,0.0,0.0,0.0,0.0,0.0,0.0,0.0,0.0,0.0,0.0,0.8,0.4,0.3,0.0,0.0,0.0
1004,alternate heel touchers,waist,0.0,0.0,0.0,0.0,0.0,0.0,0.0,0.0,0.0,0.0,0.9,0.3,0.0,0.0,0.0,0.0
1005,alternate lateral pulldown,back,0.0,0.0,0.0,0.2,0.1,0.3,0.0,0.7,0.4,0.0,0.0,0.0,0.0,0.0,0.0,0.0
1006,assisted chest dip (kneeling),chest,0.8,0.3,0.0,0.0,0.0,0.7,0.0,0.0,0.0,0.0,0.0,0.2,0.0,0.0,0.0,0.0
1007,assisted hanging knee raise with throw down,waist,0.0,0.0,0.0,0.0,0.0,0.0,0.0,0.0,0.0,0.0,0.6,0.5,0.0,0.0,0.0,0.0
1008,assisted hanging knee raise,waist,0.0,0.0,0.0,0.0,0.0,0.0,0.0,0.0,0.0,0.0,0.6,0.5,0.0,0.0,0.0,0.0
1009,assisted lying leg raise with lateral throw down,waist,0.0,0.0,0.0,0.0,0.0,0.0,0.0,0.0,0.0,0.0,0.8,0.3,0.5,0.0,0.0,0.0
1010,assisted lying leg raise with throw down,waist,0.0,0.0,0.0,0.0,0.0,0.0,0.0,0.0,0.0,0.0,0.8,0.3,0.5,0.0,0.0,0.0
1011,assisted motion russian twist,waist,0.0,0.0,0.0,0.0,0.0,0.0,0.0,0.0,0.0,0.2,0.7,0.5,0.0,0.0,0.0,0.0
1012,assisted parallel close grip pull-up,back,0.0,0.0,0.0,0.0,0.7,0.0,0.0,0.6,0.6,0.0,0.0,0.0,0.0,0.0,0.0,0.0
1013,assisted prone hamstring,upper legs,0.0,0.0,0.0,0.0,0.0,0.0,0.0,0.0,0.0,0.0,0.0,0.0,0.5,0.2,0.4,0.0
1014,assisted pull-up,back,0.0,0.0,0.0,0.0,0.6,0.0,0.0,0.9,0.5,0.0,0.0,0.0,0.0,0.0,0.0,0.0
1015,assisted standing triceps extension (with towel),upper arms,0.0,0.0,0.0,0.0,0.0,1.0,0.0,0.0,0.0,0.0,0.0,0.0,0.0,0.0,0.0,0.0
1016,assisted triceps dip (kneeling),upper arms,0.2,0.3,0.0,0.0,0.0,1.0,0.0,0.0,0.0,0.0,0.0,0.2,0.0,0.0,0.0,0.0
1017,balance board,upper legs,0.0,0.0,0.0,0.0,0.0,0.0,0.0,0.0,0.0,0.0,0.0,0.5,0.0,0.0,0.0,0.3
1018,barbell pullover to press,back,0.0,0.0,0.0,0.0,0.0,0.3,0.0,0.7,0.3,0.0,0.0,0.0,0.0,0.0,0.0,0.0
1019,barbell alternate biceps curl,upper arms,0.0,0.0,0.0,0.0,1.0,0.0,0.3,0.0,0.0,0.0,0.0,0.0,0.0,0.0,0.0,0.0
1020,barbell bench front squat,upper legs,0.0,0.0,0.0,0.0,0.0,0.0,0.0,0.0,0.0,0.15,0.0,0.6,0.9,0.3,0.4,0.0
1021,barbell bench press,chest,1.0,0.3,0.0,0.0,0.0,0.3,0.0,0.0,0.0,0.0,0.0,0.0,0.0,0.0,0.0,0.0
1022,barbell bench squat,upper legs,0.0,0.0,0.0,0.0,0.0,0.0,0.0,0.0,0.0,0.2,0.0,0.4,0.9,0.3,0.6,0.0
1023,barbell bent over row,back,0.0,0.0,0.0,0.4,0.5,0.0,0.0,0.7,0.6,0.4,0.0,0.3,0.0,0.0,0.0,0.0
1024,barbell clean and press,upper legs,0.0,0.0,0.0,0.0,0.0,0.0,0.0,0.0,0.0,0.4,0.0,0.4,0.7,0.3,0.5,0.2
1025,barbell clean-grip front squat,upper legs,0.0,0.0,0.0,0.0,0.0,0.0,0.0,0.0,0.0,0.15,0.0,0.6,0.9,0.3,0.4,0.0
1026,barbell close-grip bench press,upper arms,0.5,0.2,0.0,0.0,0.0,0.8,0.0,0.0,0.0,0.0,0.0,0.0,0.0,0.0,0.0,0.0
1027,barbell curl,upper arms,0.0,0.0,0.0,0.0,1.0,0.0,0.3,0.0,0.0,0.0,0.0,0.0,0.0,0.0,0.0,0.0
1028,barbell deadlift,upper legs,0.0,0.0,0.0,0.0,0.0,0.0,0.4,0.0,0.0,0.6,0.0,0.6,0.4,0.6,0.7,0.0
1029,barbell decline bench press,chest,1.0,0.15,0.0,0.0,0.0,0.3,0.0,0.0,0.0,0.0,0.0,0.0,0.0,0.0,0.0,0.0
1030,barbell decline bent arm pullover,back,0.0,0.0,0.0,0.0,0.0,0.3,0.0,0.7,0.3,0.0,0.0,0.0,0.0,0.0,0.0,0.0
1031,barbell decline close grip to skull press,upper arms,0.0,0.0,0.0,0.0,0.6,0.6,0.0,0.0,0.0,0.0,0.0,0.0,0.0,0.0,0.0,0.0
1032,barbell decline wide-grip press,chest,0.8,0.3,0.0,0.0,0.0,0.3,0.0,0.0,0.0,0.0,0.0,0.0,0.0,0.0,0.0,0.0
1033,barbell decline wide-grip pullover,back,0.0,0.0,0.0,0.0,0.0,0.3,0.0,0.7,0.3,0.0,0.0,0.0,0.0,0.0,0.0,0.0
1034,barbell drag curl,upper arms,0.0,0.0,0.0,0.0,1.0,0.0,0.3,0.0,0.0,0.0,0.0,0.0,0.0,0.0,0.0,0.0
1035,barbell front chest squat,upper legs,0.0,0.0,0.0,0.0,0.0,0.0,0.0,0.0,0.0,0.15,0.0,0.6,0.9,0.3,0.4,0.0
1036,barbell front raise and pullover,chest,0.5,0.0,0.0,0.0,0.0,0.2,0.0,0.6,0.0,0.0,0.0,0.0,0.0,0.0,0.0,0.0
1037,barbell front raise,shoulders,0.1,1.0,0.2,0.0,0.0,0.0,0.0,0.0,0.0,0.0,0.0,0.0,0.0,0.0,0.0,0.0
1038,barbell front squat,upper legs,0.0,0.0,0.0,0.0,0.0,0.0,0.0,0.0,0.0,0.15,0.0,0.6,0.9,0.3,0.4,0.0
1039,barbell full squat,upper legs,0.0,0.0,0.0,0.0,0.0,0.0,0.0,0.0,0.0,0.2,0.0,0.4,0.9,0.3,0.6,0.0
1040,barbell good morning,upper legs,0.0,0.0,0.0,0.0,0.0,0.0,0.0,0.0,0.0,0.6,0.0,0.4,0.0,0.6,0.5,0.0
1041,barbell guillotine bench press,chest,1.0,0.3,0.0,0.0,0.0,0.3,0.0,0.0,0.0,0.0,0.0,0.0,0.0,0.0,0.0,0.0
1042,barbell hack squat,upper legs,0.0,0.0,0.0,0.0,0.0,0.0,0.0,0.0,0.0,0.2,0.0,0.2,0.9,0.1,0.3,0.0
1043,barbell incline bench press,chest,0.9,0.5,0.0,0.0,0.0,0.3,0.0,0.0,0.0,0.0,0.0,0.0,0.0,0.0,0.0,0.0
1044,barbell incline reverse-grip press,upper arms,0.6,0.0,0.0,0.0,0.3,0.5,0.0,0.0,0.0,0.0,0.0,0.0,0.0,0.0,0.0,0.0
1045,barbell incline row,back,0.0,0.0,0.0,0.4,0.5,0.0,0.0,0.7,0.6,0.0,0.0,0.0,0.0,0.0,0.0,0.0
1046,barbell incline shoulder raise,chest,0.8,0.3,0.0,0.0,0.0,0.3,0.0,0.0,0.0,0.0,0.0,0.0,0.0,0.0,0.0,0.0
1047,barbell jefferson squat,upper legs,0.0,0.0,0.0,0.0,0.0,0.0,0.0,0.0,0.0,0.2,0.0,0.4,0.9,0.3,0.6,0.0
1048,barbell jm bench press,upper arms,0.5,0.2,0.0,0.0,0.0,0.8,0.0,0.0,0.0,0.0,0.0,0.0,0.0,0.0,0.0,0.0
1049,barbell jump squat,upper legs,0.0,0.0,0.0,0.0,0.0,0.0,0.0,0.0,0.0,0.2,0.0,0.4,0.8,0.3,0.7,0.5
1050,barbell lunge,upper legs,0.0,0.0,0.0,0.0,0.0,0.0,0.0,0.0,0.0,0.0,0.0,0.4,0.8,0.4,0.7,0.0
1051,barbell lying close-grip press,upper arms,0.0,0.0,0.0,0.0,0.6,0.6,0.0,0.0,0.0,0.0,0.0,0.0,0.0,0.0,0.0,0.0
1052,barbell lying close-grip triceps extension,upper arms,0.0,0.0,0.0,0.1,0.0,1.0,0.0,0.1,0.0,0.0,0.0,0.0,0.0,0.0,0.0,0.0
1053,barbell lying extension,upper arms,0.0,0.0,0.0,0.0,0.0,1.0,0.0,0.0,0.0,0.0,0.0,0.0,0.0,0.0,0.0,0.0
1054,barbell lying lifting (on hip),upper legs,0.0,0.0,0.0,0.0,0.0,0.0,0.0,0.0,0.0,0.0,0.0,0.0,0.5,0.2,0.4,0.0
1055,barbell lying preacher curl,upper arms,0.0,0.0,0.0,0.0,1.0,0.0,0.3,0.0,0.0,0.0,0.0,0.0,0.0,0.0,0.0,0.0
1056,barbell lying triceps extension skull crusher,upper arms,0.0,0.0,0.0,0.1,0.0,1.0,0.0,0.1,0.0,0.0,0.0,0.0,0.0,0.0,0.0,0.0
1057,barbell lying triceps extension,upper arms,0.0,0.0,0.0,0.1,0.0,1.0,0.0,0.1,0.0,0.0,0.0,0.0,0.0,0.0,0.0,0.0
1058,barbell narrow stance squat,upper legs,0.0,0.0,0.0,0.0,0.0,0.0,0.0,0.0,0.0,0.2,0.0,0.4,0.9,0.3,0.6,0.0
1059,barbell one arm bent over row,back,0.0,0.0,0.0,0.4,0.5,0.0,0.0,0.7,0.6,0.4,0.0,0.4,0.0,0.0,0.0,0.0
1060,barbell one arm floor press,upper arms,0.5,0.0,0.0,0.0,0.0,0.6,0.0,0.0,0.0,0.0,0.0,0.0,0.0,0.0,0.0,0.0
1061,barbell one arm side deadlift,upper legs,0.0,0.0,0.0,0.0,0.0,0.0,0.4,0.0,0.0,0.6,0.0,0.6,0.4,0.6,0.7,0.0
1062,barbell one arm snatch,shoulders,0.0,0.5,0.3,0.0,0.0,0.0,0.0,0.0,0.0,0.0,0.0,0.0,0.0,0.0,0.0,0.0
1063,barbell one leg squat,upper legs,0.0,0.0,0.0,0.0,0.0,0.0,0.0,0.0,0.0,0.2,0.0,0.6,1.0,0.3,0.6,0.0
1064,barbell overhead squat,upper legs,0.0,0.5,0.3,0.0,0.0,0.0,0.0,0.0,0.0,0.2,0.0,0.7,0.9,0.3,0.6,0.0
1065,barbell preacher curl,upper arms,0.0,0.0,0.0,0.0,1.0,0.0,0.3,0.0,0.0,0.0,0.0,0.0,0.0,0.0,0.0,0.0
1066,barbell press sit-up,waist,0.0,0.0,0.0,0.0,0.0,0.0,0.0,0.0,0.0,0.0,1.0,0.5,0.3,0.0,0.0,0.0
1067,barbell prone incline curl,upper arms,0.0,0.0,0.0,0.0,1.0,0.0,0.3,0.0,0.0,0.0,0.0,0.0,0.0,0.0,0.0,0.0
1068,barbell pullover,back,0.0,0.0,0.0,0.0,0.0,0.3,0.0,0.7,0.3,0.0,0.0,0.0,0.0,0.0,0.0,0.0
1069,barbell rack pull,upper legs,0.0,0.0,0.0,0.0,0.0,0.0,0.0,0.0,0.0,0.0,0.0,0.0,0.5,0.2,0.4,0.0
1070,barbell rear delt raise,shoulders,0.0,0.0,0.0,0.9,0.0,0.0,0.0,0.0,0.3,0.0,0.0,0.0,0.0,0.0,0.0,0.0
1071,barbell rear delt row,shoulders,0.0,0.0,0.0,0.9,0.0,0.0,0.0,0.0,0.3,0.0,0.0,0.0,0.0,0.0,0.0,0.0
1072,barbell rear lunge v. 2,upper legs,0.0,0.0,0.0,0.0,0.0,0.0,0.0,0.0,0.0,0.0,0.0,0.4,0.8,0.4,0.7,0.0
1073,barbell rear lunge,upper legs,0.0,0.0,0.0,0.0,0.0,0.0,0.0,0.0,0.0,0.0,0.0,0.4,0.8,0.4,0.7,0.0
1074,barbell reverse wrist curl v. 2,lower arms,0.0,0.0,0.0,0.0,0.0,0.0,0.9,0.0,0.0,0.0,0.0,0.0,0.0,0.0,0.0,0.0
1075,barbell reverse curl,upper arms,0.0,0.0,0.0,0.0,0.5,0.0,0.6,0.0,0.0,0.0,0.0,0.0,0.0,0.0,0.0,0.0
1076,barbell reverse preacher curl,upper arms,0.0,0.0,0.0,0.0,1.0,0.0,0.3,0.0,0.0,0.0,0.0,0.0,0.0,0.0,0.0,0.0
1077,barbell reverse wrist curl,lower arms,0.0,0.0,0.0,0.0,0.0,0.0,0.9,0.0,0.0,0.0,0.0,0.0,0.0,0.0,0.0,0.0
1078,barbell rollerout from bench,waist,0.0,0.0,0.0,0.0,0.0,0.0,0.0,0.3,0.0,0.3,0.7,1.0,0.0,0.0,0.0,0.0
1079,barbell rollerout,waist,0.0,0.0,0.0,0.0,0.0,0.0,0.0,0.3,0.0,0.3,0.7,1.0,0.0,0.0,0.0,0.0
1080,barbell romanian deadlift,upper legs,0.0,0.0,0.0,0.0,0.0,0.0,0.4,0.0,0.0,0.5,0.0,0.6,0.1,0.9,0.5,0.0
1081,barbell seated behind head military press,shoulders,0.0,0.5,0.5,0.4,0.0,0.5,0.0,0.0,0.0,0.0,0.0,0.3,0.0,0.0,0.0,0.0
1082,barbell seated bradford rocky press,shoulders,0.0,0.6,0.5,0.3,0.0,0.4,0.0,0.0,0.0,0.0,0.0,0.0,0.0,0.0,0.0,0.0
1083,barbell seated calf raise,lower legs,0.0,0.0,0.0,0.0,0.0,0.0,0.0,0.0,0.0,0.0,0.0,0.0,0.0,0.0,0.0,1.0
1084,barbell seated close-grip concentration curl,upper arms,0.0,0.0,0.0,0.0,1.0,0.0,0.1,0.0,0.0,0.0,0.0,0.0,0.0,0.0,0.0,0.0
1085,barbell seated good morning,upper legs,0.0,0.0,0.0,0.0,0.0,0.0,0.0,0.0,0.0,0.6,0.0,0.4,0.0,0.6,0.5,0.0
1086,barbell seated overhead press,shoulders,0.0,0.8,0.5,0.0,0.0,0.5,0.0,0.0,0.0,0.0,0.0,0.3,0.0,0.0,0.0,0.0
1087,barbell seated overhead triceps extension,upper arms,0.0,0.0,0.0,0.1,0.0,1.0,0.0,0.2,0.0,0.0,0.0,0.0,0.0,0.0,0.0,0.0
1088,barbell seated twist,waist,0.0,0.0,0.0,0.0,0.0,0.0,0.0,0.0,0.0,0.2,0.7,0.5,0.0,0.0,0.0,0.0
1089,barbell shrug,back,0.0,0.0,0.0,0.0,0.0,0.0,0.3,0.0,0.6,0.0,0.0,0.0,0.0,0.0,0.0,0.0
1090,barbell side bent v. 2,waist,0.0,0.0,0.0,0.0,0.0,0.0,0.0,0.0,0.0,0.3,0.7,0.4,0.0,0.0,0.0,0.0
1091,barbell side split squat v. 2,upper legs,0.0,0.0,0.0,0.0,0.0,0.0,0.0,0.0,0.0,0.2,0.0,0.5,0.8,0.3,0.6,0.0
1092,barbell side split squat,upper legs,0.0,0.0,0.0,0.0,0.0,0.0,0.0,0.0,0.0,0.2,0.0,0.5,0.8,0.3,0.6,0.0
1093,barbell single leg split squat,upper legs,0.0,0.0,0.0,0.0,0.0,0.0,0.0,0.0,0.0,0.2,0.0,0.5,0.8,0.3,0.6,0.0
1094,barbell skier,shoulders,0.0,0.0,0.3,0.5,0.0,0.0,0.0,0.3,0.3,0.0,0.0,0.3,0.0,0.0,0.0,0.0
1095,barbell speed squat,upper legs,0.0,0.0,0.0,0.0,0.0,0.0,0.0,0.0,0.0,0.2,0.0,0.4,0.9,0.3,0.6,0.0
1096,barbell squat (on knees),upper legs,0.0,0.0,0.0,0.0,0.0,0.0,0.0,0.0,0.0,0.2,0.0,0.4,0.9,0.3,0.6,0.0
1097,barbell standing ab rollerout,waist,0.0,0.0,0.0,0.0,0.0,0.0,0.0,0.3,0.0,0.3,0.7,1.0,0.0,0.0,0.0,0.0
1098,barbell standing back wrist curl,lower arms,0.0,0.0,0.0,0.0,0.0,0.0,1.0,0.0,0.0,0.0,0.0,0.0,0.0,0.0,0.0,0.0
1099,barbell standing bradford press,shoulders,0.0,0.6,0.5,0.3,0.0,0.4,0.0,0.0,0.0,0.0,0.0,0.0,0.0,0.0,0.0,0.0
1100,barbell standing close grip curl,upper arms,0.0,0.0,0.0,0.0,1.0,0.0,0.3,0.0,0.0,0.0,0.0,0.0,0.0,0.0,0.0,0.0
1101,barbell standing front raise over head,shoulders,0.1,1.0,0.2,0.0,0.0,0.0,0.0,0.0,0.0,0.0,0.0,0.0,0.0,0.0,0.0,0.0
1102,barbell standing leg calf raise,lower legs,0.0,0.0,0.0,0.0,0.0,0.0,0.0,0.0,0.0,0.0,0.0,0.0,0.0,0.0,0.0,1.0
1103,barbell standing overhead triceps extension,upper arms,0.0,0.0,0.0,0.1,0.0,1.0,0.0,0.2,0.0,0.0,0.0,0.0,0.0,0.0,0.0,0.0
1104,barbell standing reverse grip curl,upper arms,0.0,0.0,0.0,0.0,0.5,0.0,0.6,0.0,0.0,0.0,0.0,0.0,0.0,0.0,0.0,0.0
1105,barbell standing rocking leg calf raise,lower legs,0.0,0.0,0.0,0.0,0.0,0.0,0.0,0.0,0.0,0.0,0.0,0.0,0.0,0.0,0.0,1.0
1106,barbell standing twist,waist,0.0,0.0,0.0,0.0,0.0,0.0,0.0,0.0,0.0,0.2,0.7,0.5,0.0,0.0,0.0,0.0
1107,barbell standing wide-grip curl,upper arms,0.0,0.0,0.0,0.0,1.0,0.0,0.3,0.0,0.0,0.0,0.0,0.0,0.0,0.0,0.0,0.0
1108,barbell step-up,upper legs,0.0,0.0,0.0,0.0,0.0,0.0,0.0,0.0,0.0,0.0,0.0,0.3,0.8,0.2,0.7,0.2
1109,barbell stiff leg good morning,upper legs,0.0,0.0,0.0,0.0,0.0,0.0,0.0,0.0,0.0,0.6,0.0,0.4,0.0,0.6,0.5,0.0
1110,barbell straight leg deadlift,upper legs,0.0,0.0,0.0,0.0,0.0,0.0,0.4,0.0,0.0,0.5,0.0,0.6,0.1,0.9,0.5,0.0
1111,barbell sumo deadlift,upper legs,0.0,0.0,0.0,0.0,0.0,0.0,0.4,0.0,0.0,0.4,0.0,0.6,0.6,0.4,0.8,0.0
1112,barbell reverse grip bent over row,back,0.0,0.0,0.0,0.4,0.6,0.0,0.0,0.7,0.6,0.4,0.0,0.3,0.0,0.0,0.0,0.0
1113,barbell upright row v. 2,shoulders,0.0,0.3,0.8,0.0,0.3,0.0,0.0,0.0,0.2,0.0,0.0,0.0,0.0,0.0,0.0,0.0
1114,barbell upright row,shoulders,0.0,0.3,0.8,0.0,0.3,0.0,0.0,0.0,0.2,0.0,0.0,0.0,0.0,0.0,0.0,0.0
1115,barbell upright row v. 3,shoulders,0.0,0.3,0.8,0.0,0.3,0.0,0.0,0.0,0.2,0.0,0.0,0.0,0.0,0.0,0.0,0.0
1116,barbell wide bench press,chest,1.0,0.2,0.0,0.0,0.0,0.2,0.0,0.0,0.0,0.0,0.0,0.0,0.0,0.0,0.0,0.0
1117,barbell wide-grip upright row,shoulders,0.0,0.3,0.8,0.0,0.3,0.0,0.0,0.0,0.2,0.0,0.0,0.0,0.0,0.0,0.0,0.0
1118,barbell wide squat,upper legs,0.0,0.0,0.0,0.0,0.0,0.0,0.0,0.0,0.0,0.2,0.0,0.4,0.7,0.3,0.7,0.0
1119,barbell wrist curl v. 2,lower arms,0.0,0.0,0.0,0.0,0.0,0.0,1.0,0.0,0.0,0.0,0.0,0.0,0.0,0.0,0.0,0.0
1120,barbell wrist curl,lower arms,0.0,0.0,0.0,0.0,0.0,0.0,1.0,0.0,0.0,0.0,0.0,0.0,0.0,0.0,0.0,0.0
1121,barbell zercher squat,upper legs,0.0,0.0,0.0,0.0,0.3,0.0,0.0,0.0,0.0,0.2,0.0,0.5,0.8,0.3,0.5,0.0
1122,battling ropes,shoulders,0.0,0.4,0.3,0.2,0.4,0.0,0.6,0.0,0.0,0.0,0.0,0.4,0.0,0.0,0.0,0.0
1123,bench dip (knees bent),upper arms,0.15,0.3,0.0,0.0,0.0,0.7,0.0,0.0,0.0,0.0,0.0,0.2,0.0,0.0,0.0,0.0
1124,bench hip extension,upper legs,0.0,0.0,0.0,0.0,0.0,0.0,0.0,0.0,0.0,0.2,0.0,0.0,0.0,0.5,0.8,0.0
1125,body-up,upper arms,0.4,0.3,0.0,0.0,0.0,0.6,0.0,0.0,0.0,0.0,0.0,0.4,0.0,0.0,0.0,0.0
1126,bottoms-up,waist,0.0,0.0,0.0,0.0,0.0,0.0,0.0,0.0,0.0,0.0,1.0,0.4,0.3,0.0,0.0,0.0
1127,biceps narrow pull-ups,upper arms,0.0,0.0,0.0,0.0,0.9,0.0,0.0,0.6,0.3,0.0,0.0,0.0,0.0,0.0,0.0,0.0
1128,biceps pull-up,upper arms,0.0,0.0,0.0,0.0,0.9,0.0,0.0,0.6,0.3,0.0,0.0,0.0,0.0,0.0,0.0,0.0
1129,cable alternate shoulder press,shoulders,0.0,0.8,0.5,0.0,0.0,0.5,0.0,0.0,0.0,0.0,0.0,0.3,0.0,0.0,0.0,0.0
1130,cable alternate triceps extension,upper arms,0.0,0.0,0.0,0.0,0.0,1.0,0.0,0.0,0.0,0.0,0.0,0.0,0.0,0.0,0.0,0.0
1131,cable bar lateral pulldown,back,0.0,0.0,0.0,0.2,0.1,0.3,0.0,0.7,0.4,0.0,0.0,0.0,0.0,0.0,0.0,0.0
1132,cable bench press,chest,1.0,0.3,0.0,0.0,0.0,0.3,0.0,0.0,0.0,0.0,0.0,0.0,0.0,0.0,0.0,0.0
1133,cable concentration extension (on knee),upper arms,0.0,0.0,0.0,0.0,0.6,0.6,0.0,0.0,0.0,0.0,0.0,0.0,0.0,0.0,0.0,0.0
1134,cable cross-over lateral pulldown,back,0.0,0.0,0.0,0.2,0.1,0.3,0.0,0.7,0.4,0.0,0.0,0.0,0.0,0.0,0.0,0.0
1135,cable cross-over reverse fly,shoulders,0.0,0.0,0.0,0.9,0.0,0.0,0.0,0.0,0.3,0.0,0.0,0.0,0.0,0.0,0.0,0.0
1136,cable cross-over variation,chest,0.8,0.3,0.0,0.0,0.0,0.3,0.0,0.0,0.0,0.0,0.0,0.0,0.0,0.0,0.0,0.0
1137,cable deadlift,upper legs,0.0,0.0,0.0,0.0,0.0,0.0,0.4,0.0,0.0,0.6,0.0,0.6,0.4,0.6,0.7,0.0
1138,cable decline fly,chest,1.0,0.15,0.0,0.0,0.0,0.0,0.0,0.0,0.0,0.0,0.0,0.0,0.0,0.0,0.0,0.0
1139,cable decline seated wide-grip row,back,0.0,0.0,0.0,0.4,0.3,0.0,0.0,0.9,0.4,0.15,0.0,0.15,0.0,0.0,0.0,0.0
1140,cable floor seated wide-grip row,back,0.0,0.0,0.0,0.4,0.3,0.0,0.0,0.9,0.4,0.15,0.0,0.15,0.0,0.0,0.0,0.0
1141,cable forward raise,shoulders,0.0,0.5,0.3,0.0,0.0,0.0,0.0,0.0,0.0,0.0,0.0,0.0,0.0,0.0,0.0,0.0
1142,cable front raise,shoulders,0.1,1.0,0.2,0.0,0.0,0.0,0.0,0.0,0.0,0.0,0.0,0.0,0.0,0.0,0.0,0.0
1143,cable front shoulder raise,shoulders,0.0,0.5,0.3,0.0,0.0,0.0,0.0,0.0,0.0,0.0,0.0,0.0,0.0,0.0,0.0,0.0
1144,cable hammer curl (with rope),upper arms,0.0,0.0,0.0,0.0,0.7,0.0,0.5,0.0,0.0,0.0,0.0,0.0,0.0,0.0,0.0,0.0
1145,cable high row (kneeling),back,0.0,0.0,0.0,0.5,0.5,0.0,0.0,0.5,0.7,0.15,0.0,0.15,0.0,0.0,0.0,0.0
1146,cable hip adduction,upper legs,0.0,0.0,0.0,0.0,0.0,0.0,0.0,0.0,0.0,0.0,0.0,0.0,0.3,0.0,0.2,0.0
1147,cable incline bench press,chest,0.9,0.5,0.0,0.0,0.0,0.3,0.0,0.0,0.0,0.0,0.0,0.0,0.0,0.0,0.0,0.0
1148,cable incline fly (on stability ball),chest,0.9,0.4,0.0,0.0,0.0,0.0,0.0,0.0,0.0,0.0,0.0,0.0,0.0,0.0,0.0,0.0
1149,cable incline fly,chest,0.9,0.4,0.0,0.0,0.0,0.0,0.0,0.0,0.0,0.0,0.0,0.0,0.0,0.0,0.0,0.0
1150,cable incline pushdown,back,0.0,0.0,0.0,0.0,0.3,0.0,0.0,0.5,0.4,0.0,0.0,0.0,0.0,0.0,0.0,0.0
1151,cable incline triceps extension,upper arms,0.0,0.0,0.0,0.0,0.0,1.0,0.0,0.0,0.0,0.0,0.0,0.0,0.0,0.0,0.0,0.0
1152,cable judo flip,waist,0.0,0.0,0.0,0.0,0.3,0.0,0.0,0.3,0.0,0.4,0.7,0.6,0.0,0.0,0.0,0.0
1153,cable kneeling crunch,waist,0.0,0.0,0.0,0.0,0.0,0.0,0.0,0.0,0.0,0.0,1.0,0.4,0.0,0.0,0.0,0.0
1154,cable kneeling triceps extension,upper arms,0.0,0.0,0.0,0.0,0.0,1.0,0.0,0.0,0.0,0.0,0.0,0.0,0.0,0.0,0.0,0.0
1196,cable side bend,waist,0.0,0.0,0.0,0.0,0.0,0.0,0.0,0.0,0.0,0.3,0.7,0.4,0.0,0.0,0.0,0.0
1155,cable lateral pulldown (with rope attachment),back,0.0,0.0,0.0,0.2,0.1,0.3,0.0,0.7,0.4,0.0,0.0,0.0,0.0,0.0,0.0,0.0
1156,cable lateral raise,shoulders,0.0,0.2,1.0,0.0,0.0,0.0,0.0,0.0,0.0,0.0,0.0,0.0,0.0,0.0,0.0,0.0
1157,cable low fly,chest,1.0,0.3,0.0,0.0,0.0,0.0,0.0,0.0,0.0,0.0,0.0,0.0,0.0,0.0,0.0,0.0
1158,cable low seated row,back,0.0,0.0,0.0,0.4,0.5,0.0,0.0,0.7,0.6,0.15,0.0,0.15,0.0,0.0,0.0,0.0
1159,cable lying close-grip curl,upper arms,0.0,0.0,0.0,0.0,1.0,0.0,0.3,0.0,0.0,0.0,0.0,0.0,0.0,0.0,0.0,0.0
1160,cable lying extension pullover (with rope attachment),back,0.0,0.0,0.0,0.0,0.0,0.3,0.0,0.7,0.3,0.0,0.0,0.0,0.0,0.0,0.0,0.0
1161,cable lying fly,chest,1.0,0.3,0.0,0.0,0.0,0.0,0.0,0.0,0.0,0.0,0.0,0.0,0.0,0.0,0.0,0.0
1162,cable lying triceps extension v. 2,upper arms,0.0,0.0,0.0,0.1,0.0,1.0,0.0,0.1,0.0,0.0,0.0,0.0,0.0,0.0,0.0,0.0
1163,cable middle fly,chest,1.0,0.3,0.0,0.0,0.0,0.0,0.0,0.0,0.0,0.0,0.0,0.0,0.0,0.0,0.0,0.0
1164,cable one arm bent over row,back,0.0,0.0,0.0,0.4,0.5,0.0,0.0,0.7,0.6,0.15,0.0,0.4,0.0,0.0,0.0,0.0
1165,cable one arm curl,upper arms,0.0,0.0,0.0,0.0,1.0,0.0,0.3,0.0,0.0,0.0,0.0,0.0,0.0,0.0,0.0,0.0
1166,cable one arm lateral bent-over,chest,0.8,0.3,0.0,0.0,0.0,0.3,0.0,0.0,0.0,0.0,0.0,0.0,0.0,0.0,0.0,0.0
1167,cable one arm lateral raise,shoulders,0.0,0.2,1.0,0.0,0.0,0.0,0.0,0.0,0.0,0.0,0.0,0.0,0.0,0.0,0.0,0.0
1168,cable one arm straight back high row (kneeling),back,0.0,0.0,0.0,0.5,0.5,0.0,0.0,0.5,0.7,0.15,0.0,0.4,0.0,0.0,0.0,0.0
1169,cable overhead triceps extension (rope attachment),upper arms,0.0,0.0,0.0,0.1,0.0,1.0,0.0,0.2,0.0,0.0,0.0,0.0,0.0,0.0,0.0,0.0
1170,cable preacher curl,upper arms,0.0,0.0,0.0,0.0,1.0,0.0,0.3,0.0,0.0,0.0,0.0,0.0,0.0,0.0,0.0,0.0
1171,cable pull through (with rope),upper legs,0.0,0.0,0.0,0.0,0.0,0.0,0.0,0.0,0.0,0.0,0.0,0.0,0.5,0.2,0.4,0.0
1172,cable pulldown (pro lat bar),back,0.0,0.0,0.0,0.0,0.5,0.0,0.0,0.8,0.4,0.0,0.0,0.0,0.0,0.0,0.0,0.0
1173,cable pulldown,back,0.0,0.0,0.0,0.0,0.5,0.0,0.0,0.8,0.4,0.0,0.0,0.0,0.0,0.0,0.0,0.0
1174,cable pushdown (straight arm) v. 2,back,0.0,0.0,0.0,0.0,0.3,0.0,0.0,0.5,0.4,0.0,0.0,0.0,0.0,0.0,0.0,0.0
1175,cable pushdown (with rope attachment),upper arms,0.0,0.0,0.0,0.0,0.0,1.0,0.0,0.0,0.0,0.0,0.0,0.0,0.0,0.0,0.0,0.0
1176,cable pushdown,upper arms,0.0,0.0,0.0,0.0,0.0,1.0,0.0,0.0,0.0,0.0,0.0,0.0,0.0,0.0,0.0,0.0
1177,cable rear delt row (stirrups),shoulders,0.0,0.0,0.0,0.9,0.0,0.0,0.0,0.0,0.3,0.0,0.0,0.0,0.0,0.0,0.0,0.0
1178,cable rear delt row (with rope),shoulders,0.0,0.0,0.0,0.9,0.0,0.0,0.0,0.0,0.3,0.0,0.0,0.0,0.0,0.0,0.0,0.0
1179,cable rear drive,upper arms,0.0,0.0,0.0,0.4,0.0,0.6,0.0,0.2,0.0,0.0,0.0,0.0,0.0,0.0,0.0,0.0
1180,cable rear pulldown,back,0.0,0.0,0.0,0.4,0.5,0.0,0.0,0.8,0.5,0.0,0.0,0.0,0.0,0.0,0.0,0.0
1181,cable reverse curl,upper arms,0.0,0.0,0.0,0.0,0.5,0.0,0.6,0.0,0.0,0.0,0.0,0.0,0.0,0.0,0.0,0.0
1182,cable reverse-grip pushdown,upper arms,0.0,0.0,0.0,0.0,0.0,1.0,0.0,0.0,0.0,0.0,0.0,0.0,0.0,0.0,0.0,0.0
1183,cable reverse-grip straight back seated high row,back,0.0,0.0,0.0,0.5,0.5,0.0,0.0,0.5,0.7,0.15,0.0,0.15,0.0,0.0,0.0,0.0
1184,cable reverse preacher curl,upper arms,0.0,0.0,0.0,0.0,1.0,0.0,0.3,0.0,0.0,0.0,0.0,0.0,0.0,0.0,0.0,0.0
1185,cable reverse wrist curl,lower arms,0.0,0.0,0.0,0.0,0.0,0.0,0.9,0.0,0.0,0.0,0.0,0.0,0.0,0.0,0.0,0.0
1186,cable russian twists (on stability ball),waist,0.0,0.0,0.0,0.0,0.0,0.0,0.0,0.0,0.0,0.2,0.7,0.5,0.0,0.0,0.0,0.0
1187,cable seated crunch,waist,0.0,0.0,0.0,0.0,0.0,0.0,0.0,0.0,0.0,0.0,1.0,0.4,0.0,0.0,0.0,0.0
1188,cable seated high row (v-bar),back,0.0,0.0,0.0,0.5,0.5,0.0,0.0,0.5,0.7,0.15,0.0,0.15,0.0,0.0,0.0,0.0
1189,cable seated one arm alternate row,back,0.0,0.0,0.0,0.4,0.5,0.0,0.0,0.7,0.6,0.15,0.0,0.4,0.0,0.0,0.0,0.0
1190,cable seated rear lateral raise,shoulders,0.0,0.2,0.2,0.8,0.0,0.0,0.0,0.0,0.0,0.0,0.0,0.0,0.0,0.0,0.0,0.0
1191,cable seated shoulder internal rotation,shoulders,0.0,0.5,0.3,0.0,0.0,0.0,0.0,0.0,0.0,0.0,0.0,0.0,0.0,0.0,0.0,0.0
1192,cable seated wide-grip row,back,0.0,0.0,0.0,0.4,0.3,0.0,0.0,0.9,0.4,0.15,0.0,0.15,0.0,0.0,0.0,0.0
1193,cable shoulder press,shoulders,0.0,0.8,0.5,0.0,0.0,0.5,0.0,0.0,0.0,0.0,0.0,0.3,0.0,0.0,0.0,0.0
1194,cable shrug,back,0.0,0.0,0.0,0.0,0.0,0.0,0.3,0.0,0.6,0.0,0.0,0.0,0.0,0.0,0.0,0.0
1195,cable side bend crunch (bosu ball),waist,0.0,0.0,0.0,0.0,0.0,0.0,0.0,0.0,0.0,0.0,1.0,0.4,0.0,0.0,0.0,0.0
1197,cable side crunch,waist,0.0,0.0,0.0,0.0,0.0,0.0,0.0,0.0,0.0,0.0,1.0,0.4,0.0,0.0,0.0,0.0
1198,cable standing back wrist curl,lower arms,0.0,0.0,0.0,0.0,0.0,0.0,1.0,0.0,0.0,0.0,0.0,0.0,0.0,0.0,0.0,0.0
1199,cable standing cross-over high reverse fly,shoulders,0.0,0.0,0.0,0.9,0.0,0.0,0.0,0.0,0.3,0.0,0.0,0.0,0.0,0.0,0.0,0.0
1200,cable standing crunch,waist,0.0,0.0,0.0,0.0,0.0,0.0,0.0,0.0,0.0,0.0,1.0,0.4,0.0,0.0,0.0,0.0
1201,cable standing fly,chest,1.0,0.3,0.0,0.0,0.0,0.0,0.0,0.0,0.0,0.0,0.0,0.0,0.0,0.0,0.0,0.0
1202,cable standing hip extension,upper legs,0.0,0.0,0.0,0.0,0.0,0.0,0.0,0.0,0.0,0.2,0.0,0.0,0.0,0.5,0.8,0.0
1203,cable standing inner curl,upper arms,0.0,0.0,0.0,0.0,1.0,0.0,0.3,0.0,0.0,0.0,0.0,0.0,0.0,0.0,0.0,0.0
1204,cable standing lift,waist,0.0,0.0,0.0,0.0,0.0,0.0,0.0,0.3,0.0,0.4,0.0,0.6,0.4,0.0,0.3,0.0
1205,cable standing one arm triceps extension,upper arms,0.0,0.0,0.0,0.0,0.0,1.0,0.0,0.0,0.0,0.0,0.0,0.0,0.0,0.0,0.0,0.0
1206,cable standing pulldown (with rope),upper arms,0.0,0.0,0.0,0.0,0.0,0.6,0.0,0.4,0.0,0.0,0.0,0.0,0.0,0.0,0.0,0.0
1207,cable standing rear delt row (with rope),shoulders,0.0,0.0,0.0,0.9,0.0,0.0,0.0,0.0,0.3,0.0,0.0,0.0,0.0,0.0,0.0,0.0
1208,cable standing row (v-bar),back,0.0,0.0,0.0,0.4,0.5,0.0,0.0,0.7,0.6,0.15,0.0,0.15,0.0,0.0,0.0,0.0
1209,cable standing shoulder external rotation,shoulders,0.0,0.0,0.0,0.4,0.0,0.0,0.0,0.0,0.3,0.0,0.0,0.0,0.0,0.0,0.0,0.0
1223,chest dip,chest,0.8,0.3,0.0,0.0,0.0,0.7,0.0,0.0,0.0,0.0,0.0,0.2,0.0,0.0,0.0,0.0
1210,cable standing twist row (v-bar),back,0.0,0.0,0.0,0.4,0.5,0.0,0.0,0.7,0.6,0.15,0.0,0.15,0.0,0.0,0.0,0.0
1211,cable straight arm pulldown (with rope),back,0.0,0.0,0.0,0.2,0.1,0.3,0.0,0.7,0.4,0.0,0.0,0.0,0.0,0.0,0.0,0.0
1212,cable straight arm pulldown,back,0.0,0.0,0.0,0.2,0.1,0.3,0.0,0.7,0.4,0.0,0.0,0.0,0.0,0.0,0.0,0.0
1213,cable straight back seated row,back,0.0,0.0,0.0,0.4,0.5,0.0,0.0,0.7,0.6,0.15,0.0,0.15,0.0,0.0,0.0,0.0
1214,cable supine reverse fly,shoulders,0.0,0.0,0.0,0.9,0.0,0.0,0.0,0.0,0.3,0.0,0.0,0.0,0.0,0.0,0.0,0.0
1215,cable triceps pushdown (v-bar),upper arms,0.0,0.0,0.0,0.0,0.0,1.0,0.0,0.0,0.0,0.0,0.0,0.0,0.0,0.0,0.0,0.0
1216,cable tuck reverse crunch,waist,0.0,0.0,0.0,0.0,0.0,0.0,0.0,0.0,0.0,0.0,1.0,0.4,0.0,0.0,0.0,0.0
1217,cable twist,waist,0.0,0.0,0.0,0.0,0.0,0.0,0.0,0.0,0.0,0.2,0.7,0.5,0.0,0.0,0.0,0.0
1218,cable twisting pull,back,0.0,0.0,0.0,0.0,0.3,0.0,0.0,0.5,0.4,0.0,0.0,0.0,0.0,0.0,0.0,0.0
1219,cable underhand pulldown,back,0.0,0.0,0.0,0.0,0.7,0.0,0.0,0.7,0.4,0.0,0.0,0.0,0.0,0.0,0.0,0.0
1220,cable upright row,shoulders,0.0,0.3,0.8,0.0,0.3,0.0,0.0,0.0,0.2,0.0,0.0,0.0,0.0,0.0,0.0,0.0
1221,cable wrist curl,lower arms,0.0,0.0,0.0,0.0,0.0,0.0,1.0,0.0,0.0,0.0,0.0,0.0,0.0,0.0,0.0,0.0
1222,cambered bar lying row,back,0.0,0.0,0.0,0.4,0.5,0.0,0.0,0.7,0.6,0.0,0.0,0.0,0.0,0.0,0.0,0.0
1224,chin-ups (narrow parallel grip),back,0.0,0.0,0.0,0.4,0.6,0.0,0.0,0.5,0.6,0.0,0.0,0.0,0.0,0.0,0.0,0.0
1225,circles knee stretch,lower legs,0.05,0.05,0.05,0.05,0.05,0.05,0.05,0.05,0.05,0.05,0.05,0.05,0.05,0.05,0.05,0.1
1226,clock push-up,chest,0.8,0.3,0.0,0.0,0.0,0.4,0.0,0.0,0.0,0.0,0.0,0.5,0.0,0.0,0.0,0.0
1227,close-grip push-up,upper arms,0.3,0.3,0.0,0.0,0.0,0.9,0.0,0.0,0.0,0.0,0.0,0.0,0.0,0.0,0.0,0.0
1228,cocoons,waist,0.0,0.0,0.0,0.0,0.0,0.0,0.0,0.0,0.0,0.0,1.0,0.4,0.3,0.0,0.0,0.0
1229,cross body crunch,waist,0.0,0.0,0.0,0.0,0.0,0.0,0.0,0.0,0.0,0.0,1.0,0.4,0.0,0.0,0.0,0.0
1230,crunch (hands overhead),waist,0.0,0.0,0.0,0.0,0.0,0.0,0.0,0.0,0.0,0.0,1.0,0.4,0.0,0.0,0.0,0.0
1231,crunch (on stability ball),waist,0.0,0.0,0.0,0.0,0.0,0.0,0.0,0.0,0.0,0.0,1.0,0.4,0.0,0.0,0.0,0.0
1232,"crunch (on stability ball, arms straight)",waist,0.0,0.0,0.0,0.0,0.0,0.0,0.0,0.0,0.0,0.0,1.0,0.4,0.0,0.0,0.0,0.0
1233,crunch floor,waist,0.0,0.0,0.0,0.0,0.0,0.0,0.0,0.0,0.0,0.0,1.0,0.4,0.0,0.0,0.0,0.0
1234,dead bug,waist,0.0,0.0,0.0,0.0,0.0,0.0,0.0,0.0,0.0,0.0,0.6,0.9,0.2,0.0,0.0,0.0
1235,decline crunch,waist,0.0,0.0,0.0,0.0,0.0,0.0,0.0,0.0,0.0,0.0,1.0,0.4,0.0,0.0,0.0,0.0
1236,decline push-up,chest,0.9,0.15,0.0,0.0,0.0,0.4,0.0,0.0,0.0,0.0,0.0,0.5,0.0,0.0,0.0,0.0
1237,decline sit-up,waist,0.0,0.0,0.0,0.0,0.0,0.0,0.0,0.0,0.0,0.0,1.0,0.5,0.3,0.0,0.0,0.0
1238,diamond push-up,upper arms,0.3,0.3,0.0,0.0,0.0,0.9,0.0,0.0,0.0,0.0,0.0,0.0,0.0,0.0,0.0,0.0
1239,donkey calf raise,lower legs,0.0,0.0,0.0,0.0,0.0,0.0,0.0,0.0,0.0,0.0,0.0,0.0,0.0,0.0,0.0,1.0
1240,dumbbell alternate biceps curl,upper arms,0.0,0.0,0.0,0.0,1.0,0.0,0.3,0.0,0.0,0.0,0.0,0.0,0.0,0.0,0.0,0.0
1241,dumbbell alternate side press,shoulders,0.0,0.7,0.4,0.0,0.0,0.4,0.0,0.0,0.0,0.0,0.0,0.5,0.0,0.0,0.0,0.0
1242,dumbbell arnold press v. 2,shoulders,0.0,0.8,0.6,0.3,0.0,0.5,0.0,0.0,0.0,0.0,0.0,0.3,0.0,0.0,0.0,0.0
1243,dumbbell around pullover,chest,0.5,0.0,0.0,0.0,0.0,0.2,0.0,0.6,0.0,0.0,0.0,0.0,0.0,0.0,0.0,0.0
1244,dumbbell bench press,chest,1.0,0.3,0.0,0.0,0.0,0.3,0.0,0.0,0.0,0.0,0.0,0.0,0.0,0.0,0.0,0.0
1245,dumbbell bench seated press,shoulders,0.0,0.5,0.3,0.0,0.0,0.0,0.0,0.0,0.0,0.0,0.0,0.0,0.0,0.0,0.0,0.0
1246,dumbbell bench squat,upper legs,0.0,0.0,0.0,0.0,0.0,0.0,0.0,0.0,0.0,0.2,0.0,0.4,0.9,0.3,0.6,0.0
1247,dumbbell one arm bent-over row,back,0.0,0.0,0.0,0.4,0.5,0.0,0.0,0.7,0.6,0.4,0.0,0.4,0.0,0.0,0.0,0.0
1248,dumbbell bent over row,back,0.0,0.0,0.0,0.4,0.5,0.0,0.0,0.7,0.6,0.4,0.0,0.3,0.0,0.0,0.0,0.0
1249,dumbbell biceps curl,upper arms,0.0,0.0,0.0,0.0,1.0,0.0,0.3,0.0,0.0,0.0,0.0,0.0,0.0,0.0,0.0,0.0
1250,dumbbell clean,upper legs,0.0,0.0,0.0,0.0,0.0,0.0,0.0,0.0,0.0,0.4,0.0,0.4,0.7,0.3,0.5,0.2
1251,dumbbell close-grip press,upper arms,0.0,0.0,0.0,0.0,0.6,0.6,0.0,0.0,0.0,0.0,0.0,0.0,0.0,0.0,0.0,0.0
1252,dumbbell concentration curl,upper arms,0.0,0.0,0.0,0.0,1.0,0.0,0.1,0.0,0.0,0.0,0.0,0.0,0.0,0.0,0.0,0.0
1280,dumbbell incline raise,shoulders,0.0,0.5,0.3,0.0,0.0,0.0,0.0,0.0,0.0,0.0,0.0,0.0,0.0,0.0,0.0,0.0
1253,dumbbell cross body hammer curl,upper arms,0.0,0.0,0.0,0.0,0.7,0.0,0.5,0.0,0.0,0.0,0.0,0.0,0.0,0.0,0.0,0.0
1254,dumbbell cuban press,shoulders,0.0,0.6,0.5,0.4,0.0,0.0,0.0,0.0,0.0,0.0,0.0,0.0,0.0,0.0,0.0,0.0
1255,dumbbell deadlift,upper legs,0.0,0.0,0.0,0.0,0.0,0.0,0.4,0.0,0.0,0.6,0.0,0.6,0.4,0.6,0.7,0.0
1256,dumbbell decline bench press,chest,1.0,0.15,0.0,0.0,0.0,0.3,0.0,0.0,0.0,0.0,0.0,0.0,0.0,0.0,0.0,0.0
1257,dumbbell decline fly,chest,1.0,0.15,0.0,0.0,0.0,0.0,0.0,0.0,0.0,0.0,0.0,0.0,0.0,0.0,0.0,0.0
1258,dumbbell decline hammer press,chest,0.8,0.2,0.0,0.0,0.0,0.6,0.0,0.0,0.0,0.0,0.0,0.0,0.0,0.0,0.0,0.0
1259,dumbbell decline shrug v. 2,back,0.0,0.0,0.0,0.0,0.0,0.0,0.3,0.0,0.6,0.0,0.0,0.0,0.0,0.0,0.0,0.0
1260,dumbbell decline shrug,back,0.0,0.0,0.0,0.0,0.0,0.0,0.3,0.0,0.6,0.0,0.0,0.0,0.0,0.0,0.0,0.0
1261,dumbbell decline triceps extension,upper arms,0.0,0.0,0.0,0.0,0.0,1.0,0.0,0.0,0.0,0.0,0.0,0.0,0.0,0.0,0.0,0.0
1262,dumbbell decline twist fly,chest,1.0,0.15,0.0,0.0,0.0,0.0,0.0,0.0,0.0,0.0,0.0,0.0,0.0,0.0,0.0,0.0
1263,dumbbell fly,chest,1.0,0.3,0.0,0.0,0.0,0.0,0.0,0.0,0.0,0.0,0.0,0.0,0.0,0.0,0.0,0.0
1264,dumbbell front raise v. 2,shoulders,0.1,1.0,0.2,0.0,0.0,0.0,0.0,0.0,0.0,0.0,0.0,0.0,0.0,0.0,0.0,0.0
1265,dumbbell front raise,shoulders,0.1,1.0,0.2,0.0,0.0,0.0,0.0,0.0,0.0,0.0,0.0,0.0,0.0,0.0,0.0,0.0
1266,dumbbell full can lateral raise,shoulders,0.0,0.2,1.0,0.0,0.0,0.0,0.0,0.0,0.0,0.0,0.0,0.0,0.0,0.0,0.0,0.0
1281,dumbbell incline rear lateral raise,shoulders,0.0,0.2,0.2,0.8,0.0,0.0,0.0,0.0,0.0,0.0,0.0,0.0,0.0,0.0,0.0,0.0
1267,dumbbell hammer curl v. 2,upper arms,0.0,0.0,0.0,0.0,0.7,0.0,0.5,0.0,0.0,0.0,0.0,0.0,0.0,0.0,0.0,0.0
1268,dumbbell hammer curl,upper arms,0.0,0.0,0.0,0.0,0.7,0.0,0.5,0.0,0.0,0.0,0.0,0.0,0.0,0.0,0.0,0.0
1269,dumbbell incline bench press,chest,0.9,0.5,0.0,0.0,0.0,0.3,0.0,0.0,0.0,0.0,0.0,0.0,0.0,0.0,0.0,0.0
1270,dumbbell incline biceps curl,upper arms,0.0,0.0,0.0,0.0,1.0,0.0,0.3,0.0,0.0,0.0,0.0,0.0,0.0,0.0,0.0,0.0
1271,dumbbell incline breeding,chest,0.8,0.3,0.0,0.0,0.0,0.3,0.0,0.0,0.0,0.0,0.0,0.0,0.0,0.0,0.0,0.0
1272,dumbbell incline curl v. 2,upper arms,0.0,0.0,0.0,0.0,1.0,0.0,0.3,0.0,0.0,0.0,0.0,0.0,0.0,0.0,0.0,0.0
1273,dumbbell incline curl,upper arms,0.0,0.0,0.0,0.0,1.0,0.0,0.3,0.0,0.0,0.0,0.0,0.0,0.0,0.0,0.0,0.0
1274,dumbbell incline fly,chest,0.9,0.4,0.0,0.0,0.0,0.0,0.0,0.0,0.0,0.0,0.0,0.0,0.0,0.0,0.0,0.0
1275,dumbbell incline hammer curl,upper arms,0.0,0.0,0.0,0.0,0.7,0.0,0.5,0.0,0.0,0.0,0.0,0.0,0.0,0.0,0.0,0.0
1276,dumbbell incline hammer press,chest,0.8,0.2,0.0,0.0,0.0,0.6,0.0,0.0,0.0,0.0,0.0,0.0,0.0,0.0,0.0,0.0
1277,dumbbell incline inner biceps curl,upper arms,0.0,0.0,0.0,0.0,1.0,0.0,0.3,0.0,0.0,0.0,0.0,0.0,0.0,0.0,0.0,0.0
1278,dumbbell incline one arm lateral raise,shoulders,0.0,0.2,1.0,0.0,0.0,0.0,0.0,0.0,0.0,0.0,0.0,0.0,0.0,0.0,0.0,0.0
1279,dumbbell incline palm-in press,chest,0.8,0.3,0.0,0.0,0.0,0.3,0.0,0.0,0.0,0.0,0.0,0.0,0.0,0.0,0.0,0.0
1282,dumbbell incline row,back,0.0,0.0,0.0,0.4,0.5,0.0,0.0,0.7,0.6,0.0,0.0,0.0,0.0,0.0,0.0,0.0
1283,dumbbell incline shoulder raise,chest,0.8,0.3,0.0,0.0,0.0,0.3,0.0,0.0,0.0,0.0,0.0,0.0,0.0,0.0,0.0,0.0
1284,dumbbell incline shrug,back,0.0,0.0,0.0,0.0,0.0,0.0,0.3,0.0,0.6,0.0,0.0,0.0,0.0,0.0,0.0,0.0
1285,dumbbell incline triceps extension,upper arms,0.0,0.0,0.0,0.0,0.0,1.0,0.0,0.0,0.0,0.0,0.0,0.0,0.0,0.0,0.0,0.0
1286,dumbbell incline twisted flyes,chest,0.9,0.4,0.0,0.0,0.0,0.0,0.0,0.0,0.0,0.0,0.0,0.0,0.0,0.0,0.0,0.0
1287,dumbbell iron cross,shoulders,0.4,0.5,0.5,0.0,0.0,0.0,0.0,0.0,0.0,0.0,0.0,0.3,0.0,0.0,0.0,0.0
1288,dumbbell kickback,upper arms,0.0,0.0,0.0,0.2,0.0,0.9,0.0,0.0,0.0,0.0,0.0,0.0,0.0,0.0,0.0,0.0
1289,dumbbell lateral raise,shoulders,0.0,0.2,1.0,0.0,0.0,0.0,0.0,0.0,0.0,0.0,0.0,0.0,0.0,0.0,0.0,0.0
1290,dumbbell lateral to front raise,shoulders,0.1,1.0,0.2,0.0,0.0,0.0,0.0,0.0,0.0,0.0,0.0,0.0,0.0,0.0,0.0,0.0
1291,dumbbell lunge,upper legs,0.0,0.0,0.0,0.0,0.0,0.0,0.0,0.0,0.0,0.0,0.0,0.4,0.8,0.4,0.7,0.0
1292,dumbbell lying extension (across face),upper arms,0.0,0.0,0.0,0.0,0.0,1.0,0.0,0.0,0.0,0.0,0.0,0.0,0.0,0.0,0.0,0.0
1293,dumbbell lying elbow press,upper arms,0.0,0.0,0.0,0.0,0.6,0.6,0.0,0.0,0.0,0.0,0.0,0.0,0.0,0.0,0.0,0.0
1294,dumbbell lying femoral,upper legs,0.0,0.0,0.0,0.0,0.0,0.0,0.0,0.0,0.0,0.0,0.0,0.0,0.5,0.2,0.4,0.0
1295,dumbbell lying hammer press,chest,0.8,0.2,0.0,0.0,0.0,0.6,0.0,0.0,0.0,0.0,0.0,0.0,0.0,0.0,0.0,0.0
1296,dumbbell lying one arm deltoid rear,shoulders,0.0,0.5,0.3,0.0,0.0,0.0,0.0,0.0,0.0,0.0,0.0,0.0,0.0,0.0,0.0,0.0
1297,dumbbell lying one arm press v. 2,chest,0.8,0.3,0.0,0.0,0.0,0.3,0.0,0.0,0.0,0.0,0.0,0.0,0.0,0.0,0.0,0.0
1298,dumbbell lying one arm press,chest,0.8,0.3,0.0,0.0,0.0,0.3,0.0,0.0,0.0,0.0,0.0,0.0,0.0,0.0,0.0,0.0
1299,dumbbell lying one arm pronated triceps extension,upper arms,0.0,0.0,0.0,0.1,0.0,1.0,0.0,0.1,0.0,0.0,0.0,0.0,0.0,0.0,0.0,0.0
1300,dumbbell lying one arm rear lateral raise,shoulders,0.0,0.2,0.2,0.8,0.0,0.0,0.0,0.0,0.0,0.0,0.0,0.0,0.0,0.0,0.0,0.0
1301,dumbbell lying one arm supinated triceps extension,upper arms,0.0,0.0,0.0,0.1,0.0,1.0,0.0,0.1,0.0,0.0,0.0,0.0,0.0,0.0,0.0,0.0
1302,dumbbell lying pronation,lower arms,0.0,0.0,0.0,0.0,0.0,0.0,0.6,0.0,0.0,0.0,0.0,0.0,0.0,0.0,0.0,0.0
1303,dumbbell lying rear lateral raise,shoulders,0.0,0.2,0.2,0.8,0.0,0.0,0.0,0.0,0.0,0.0,0.0,0.0,0.0,0.0,0.0,0.0
1304,dumbbell lying supination,lower arms,0.0,0.0,0.0,0.0,0.0,0.0,0.6,0.0,0.0,0.0,0.0,0.0,0.0,0.0,0.0,0.0
1305,dumbbell lying supine curl,upper arms,0.0,0.0,0.0,0.0,1.0,0.0,0.3,0.0,0.0,0.0,0.0,0.0,0.0,0.0,0.0,0.0
1306,dumbbell lying triceps extension,upper arms,0.0,0.0,0.0,0.1,0.0,1.0,0.0,0.1,0.0,0.0,0.0,0.0,0.0,0.0,0.0,0.0
1307,dumbbell neutral grip bench press,upper arms,0.5,0.2,0.0,0.0,0.0,0.8,0.0,0.0,0.0,0.0,0.0,0.0,0.0,0.0,0.0,0.0
1308,dumbbell one arm concentration curl (on stability ball),upper arms,0.0,0.0,0.0,0.0,1.0,0.0,0.1,0.0,0.0,0.0,0.0,0.0,0.0,0.0,0.0,0.0
1309,dumbbell one arm kickback,upper arms,0.0,0.0,0.0,0.2,0.0,0.9,0.0,0.0,0.0,0.0,0.0,0.0,0.0,0.0,0.0,0.0
1310,dumbbell one arm lateral raise,shoulders,0.0,0.2,1.0,0.0,0.0,0.0,0.0,0.0,0.0,0.0,0.0,0.0,0.0,0.0,0.0,0.0
1339,dumbbell reverse wrist curl,lower arms,0.0,0.0,0.0,0.0,0.0,0.0,0.9,0.0,0.0,0.0,0.0,0.0,0.0,0.0,0.0,0.0
1311,dumbbell one arm lateral raise with support,shoulders,0.0,0.2,1.0,0.0,0.0,0.0,0.0,0.0,0.0,0.0,0.0,0.0,0.0,0.0,0.0,0.0
1312,dumbbell one arm reverse wrist curl,lower arms,0.0,0.0,0.0,0.0,0.0,0.0,0.9,0.0,0.0,0.0,0.0,0.0,0.0,0.0,0.0,0.0
1313,dumbbell one arm reverse fly (with support),shoulders,0.0,0.0,0.0,0.9,0.0,0.0,0.0,0.0,0.3,0.0,0.0,0.0,0.0,0.0,0.0,0.0
1314,dumbbell one arm shoulder press v. 2,shoulders,0.0,0.8,0.5,0.0,0.0,0.5,0.0,0.0,0.0,0.0,0.0,0.5,0.0,0.0,0.0,0.0
1315,dumbbell one arm shoulder press,shoulders,0.0,0.8,0.5,0.0,0.0,0.5,0.0,0.0,0.0,0.0,0.0,0.5,0.0,0.0,0.0,0.0
1316,dumbbell one arm triceps extension (on bench),upper arms,0.0,0.0,0.0,0.0,0.0,1.0,0.0,0.0,0.0,0.0,0.0,0.0,0.0,0.0,0.0,0.0
1317,dumbbell one arm upright row,shoulders,0.0,0.3,0.8,0.0,0.3,0.0,0.0,0.0,0.2,0.0,0.0,0.0,0.0,0.0,0.0,0.0
1318,dumbbell one arm wrist curl,lower arms,0.0,0.0,0.0,0.0,0.0,0.0,1.0,0.0,0.0,0.0,0.0,0.0,0.0,0.0,0.0,0.0
1319,dumbbell over bench neutral wrist curl,upper arms,0.0,0.0,0.0,0.0,0.6,0.6,0.0,0.0,0.0,0.0,0.0,0.0,0.0,0.0,0.0,0.0
1320,dumbbell over bench one arm neutral wrist curl,upper arms,0.0,0.0,0.0,0.0,0.6,0.6,0.0,0.0,0.0,0.0,0.0,0.0,0.0,0.0,0.0,0.0
1321,dumbbell over bench one arm wrist curl,lower arms,0.0,0.0,0.0,0.0,0.0,0.0,1.0,0.0,0.0,0.0,0.0,0.0,0.0,0.0,0.0,0.0
1322,dumbbell over bench reverse wrist curl,lower arms,0.0,0.0,0.0,0.0,0.0,0.0,0.9,0.0,0.0,0.0,0.0,0.0,0.0,0.0,0.0,0.0
1323,dumbbell over bench wrist curl,lower arms,0.0,0.0,0.0,0.0,0.0,0.0,1.0,0.0,0.0,0.0,0.0,0.0,0.0,0.0,0.0,0.0
1324,dumbbell preacher hammer curl,upper arms,0.0,0.0,0.0,0.0,1.0,0.0,0.5,0.0,0.0,0.0,0.0,0.0,0.0,0.0,0.0,0.0
1370,dumbbell standing calf raise,lower legs,0.0,0.0,0.0,0.0,0.0,0.0,0.0,0.0,0.0,0.0,0.0,0.0,0.0,0.0,0.0,1.0
1325,dumbbell plyo squat,upper legs,0.0,0.0,0.0,0.0,0.0,0.0,0.0,0.0,0.0,0.2,0.0,0.4,0.9,0.3,0.6,0.0
1326,dumbbell preacher curl,upper arms,0.0,0.0,0.0,0.0,1.0,0.0,0.3,0.0,0.0,0.0,0.0,0.0,0.0,0.0,0.0,0.0
1327,dumbbell pronate-grip triceps extension,upper arms,0.0,0.0,0.0,0.0,0.0,1.0,0.0,0.0,0.0,0.0,0.0,0.0,0.0,0.0,0.0,0.0
1328,dumbbell prone incline curl,upper arms,0.0,0.0,0.0,0.0,1.0,0.0,0.3,0.0,0.0,0.0,0.0,0.0,0.0,0.0,0.0,0.0
1329,dumbbell pullover,chest,0.5,0.0,0.0,0.0,0.0,0.2,0.0,0.6,0.0,0.0,0.0,0.0,0.0,0.0,0.0,0.0
1330,dumbbell raise,shoulders,0.0,0.5,0.3,0.0,0.0,0.0,0.0,0.0,0.0,0.0,0.0,0.0,0.0,0.0,0.0,0.0
1331,dumbbell rear delt row (shoulder),shoulders,0.0,0.0,0.0,0.9,0.0,0.0,0.0,0.0,0.3,0.0,0.0,0.0,0.0,0.0,0.0,0.0
1332,dumbbell rear fly,shoulders,0.0,0.5,0.3,0.0,0.0,0.0,0.0,0.0,0.0,0.0,0.0,0.0,0.0,0.0,0.0,0.0
1333,dumbbell rear lateral raise (support head),shoulders,0.0,0.2,0.2,0.8,0.0,0.0,0.0,0.0,0.0,0.0,0.0,0.0,0.0,0.0,0.0,0.0
1334,dumbbell rear lateral raise,shoulders,0.0,0.2,0.2,0.8,0.0,0.0,0.0,0.0,0.0,0.0,0.0,0.0,0.0,0.0,0.0,0.0
1335,dumbbell rear lunge,upper legs,0.0,0.0,0.0,0.0,0.0,0.0,0.0,0.0,0.0,0.0,0.0,0.4,0.8,0.4,0.7,0.0
1336,dumbbell reverse grip biceps curl,upper arms,0.0,0.0,0.0,0.0,0.5,0.0,0.6,0.0,0.0,0.0,0.0,0.0,0.0,0.0,0.0,0.0
1337,dumbbell reverse fly,shoulders,0.0,0.0,0.0,0.9,0.0,0.0,0.0,0.0,0.3,0.0,0.0,0.0,0.0,0.0,0.0,0.0
1338,dumbbell reverse preacher curl,upper arms,0.0,0.0,0.0,0.0,1.0,0.0,0.3,0.0,0.0,0.0,0.0,0.0,0.0,0.0,0.0,0.0
1340,dumbbell rotation reverse fly,shoulders,0.0,0.0,0.0,0.9,0.0,0.0,0.0,0.0,0.3,0.0,0.0,0.0,0.0,0.0,0.0,0.0
1341,dumbbell seated alternate front raise,shoulders,0.1,1.0,0.2,0.0,0.0,0.0,0.0,0.0,0.0,0.0,0.0,0.0,0.0,0.0,0.0,0.0
1342,dumbbell seated alternate press,shoulders,0.0,0.5,0.3,0.0,0.0,0.0,0.0,0.0,0.0,0.0,0.0,0.0,0.0,0.0,0.0,0.0
1343,dumbbell seated bench extension,upper arms,0.0,0.0,0.0,0.0,0.6,0.6,0.0,0.0,0.0,0.0,0.0,0.0,0.0,0.0,0.0,0.0
1344,dumbbell seated biceps curl (on stability ball),upper arms,0.0,0.0,0.0,0.0,1.0,0.0,0.3,0.0,0.0,0.0,0.0,0.0,0.0,0.0,0.0,0.0
1345,dumbbell seated curl,upper arms,0.0,0.0,0.0,0.0,1.0,0.0,0.3,0.0,0.0,0.0,0.0,0.0,0.0,0.0,0.0,0.0
1346,dumbbell seated front raise,shoulders,0.1,1.0,0.2,0.0,0.0,0.0,0.0,0.0,0.0,0.0,0.0,0.0,0.0,0.0,0.0,0.0
1347,dumbbell seated inner biceps curl,upper arms,0.0,0.0,0.0,0.0,1.0,0.0,0.3,0.0,0.0,0.0,0.0,0.0,0.0,0.0,0.0,0.0
1348,dumbbell seated kickback,upper arms,0.0,0.0,0.0,0.2,0.0,0.9,0.0,0.0,0.0,0.0,0.0,0.0,0.0,0.0,0.0,0.0
1349,dumbbell seated lateral raise v. 2,shoulders,0.0,0.2,1.0,0.0,0.0,0.0,0.0,0.0,0.0,0.0,0.0,0.0,0.0,0.0,0.0,0.0
1350,dumbbell seated lateral raise,shoulders,0.0,0.2,1.0,0.0,0.0,0.0,0.0,0.0,0.0,0.0,0.0,0.0,0.0,0.0,0.0,0.0
1351,dumbbell seated neutral wrist curl,upper arms,0.0,0.0,0.0,0.0,0.6,0.6,0.0,0.0,0.0,0.0,0.0,0.0,0.0,0.0,0.0,0.0
1352,dumbbell seated one arm kickback,upper arms,0.0,0.0,0.0,0.2,0.0,0.9,0.0,0.0,0.0,0.0,0.0,0.0,0.0,0.0,0.0,0.0
1353,dumbbell seated one arm rotate,lower arms,0.0,0.0,0.0,0.0,0.0,0.0,0.6,0.0,0.0,0.0,0.0,0.0,0.0,0.0,0.0,0.0
1354,dumbbell seated one leg calf raise,lower legs,0.0,0.0,0.0,0.0,0.0,0.0,0.0,0.0,0.0,0.0,0.0,0.0,0.0,0.0,0.0,1.0
1355,dumbbell seated palms up wrist curl,lower arms,0.0,0.0,0.0,0.0,0.0,0.0,1.0,0.0,0.0,0.0,0.0,0.0,0.0,0.0,0.0,0.0
1356,dumbbell seated preacher curl,upper arms,0.0,0.0,0.0,0.0,1.0,0.0,0.3,0.0,0.0,0.0,0.0,0.0,0.0,0.0,0.0,0.0
1357,dumbbell seated reverse grip concentration curl,upper arms,0.0,0.0,0.0,0.0,1.0,0.0,0.1,0.0,0.0,0.0,0.0,0.0,0.0,0.0,0.0,0.0
1358,dumbbell seated shoulder press (parallel grip),shoulders,0.0,0.8,0.5,0.0,0.0,0.5,0.0,0.0,0.0,0.0,0.0,0.3,0.0,0.0,0.0,0.0
1359,dumbbell seated shoulder press,shoulders,0.0,0.8,0.5,0.0,0.0,0.5,0.0,0.0,0.0,0.0,0.0,0.3,0.0,0.0,0.0,0.0
1360,dumbbell shrug,back,0.0,0.0,0.0,0.0,0.0,0.0,0.3,0.0,0.6,0.0,0.0,0.0,0.0,0.0,0.0,0.0
1361,dumbbell side bend,waist,0.0,0.0,0.0,0.0,0.0,0.0,0.0,0.0,0.0,0.3,0.7,0.4,0.0,0.0,0.0,0.0
1362,dumbbell side lying one hand raise,shoulders,0.0,0.5,0.3,0.0,0.0,0.0,0.0,0.0,0.0,0.0,0.0,0.0,0.0,0.0,0.0,0.0
1363,dumbbell single leg calf raise,lower legs,0.0,0.0,0.0,0.0,0.0,0.0,0.0,0.0,0.0,0.0,0.0,0.0,0.0,0.0,0.0,1.0
1364,dumbbell single leg split squat,upper legs,0.0,0.0,0.0,0.0,0.0,0.0,0.0,0.0,0.0,0.2,0.0,0.5,0.8,0.3,0.6,0.0
1365,dumbbell single leg squat,upper legs,0.0,0.0,0.0,0.0,0.0,0.0,0.0,0.0,0.0,0.2,0.0,0.6,1.0,0.3,0.6,0.0
1366,dumbbell squat,upper legs,0.0,0.0,0.0,0.0,0.0,0.0,0.0,0.0,0.0,0.2,0.0,0.4,0.9,0.3,0.6,0.0
1367,dumbbell standing alternate overhead press,shoulders,0.0,0.8,0.5,0.0,0.0,0.5,0.0,0.0,0.0,0.0,0.0,0.3,0.0,0.0,0.0,0.0
1368,dumbbell standing alternate raise,shoulders,0.0,0.5,0.3,0.0,0.0,0.0,0.0,0.0,0.0,0.0,0.0,0.0,0.0,0.0,0.0,0.0
1369,dumbbell standing biceps curl,upper arms,0.0,0.0,0.0,0.0,1.0,0.0,0.3,0.0,0.0,0.0,0.0,0.0,0.0,0.0,0.0,0.0
1371,dumbbell standing concentration curl,upper arms,0.0,0.0,0.0,0.0,1.0,0.0,0.1,0.0,0.0,0.0,0.0,0.0,0.0,0.0,0.0,0.0
1372,dumbbell standing front raise above head,shoulders,0.1,1.0,0.2,0.0,0.0,0.0,0.0,0.0,0.0,0.0,0.0,0.0,0.0,0.0,0.0,0.0
1373,dumbbell standing kickback,upper arms,0.0,0.0,0.0,0.2,0.0,0.9,0.0,0.0,0.0,0.0,0.0,0.0,0.0,0.0,0.0,0.0
1374,dumbbell standing one arm concentration curl,upper arms,0.0,0.0,0.0,0.0,1.0,0.0,0.1,0.0,0.0,0.0,0.0,0.0,0.0,0.0,0.0,0.0
1375,dumbbell standing one arm curl (over incline bench),upper arms,0.0,0.0,0.0,0.0,1.0,0.0,0.3,0.0,0.0,0.0,0.0,0.0,0.0,0.0,0.0,0.0
1376,dumbbell standing one arm extension,upper arms,0.0,0.0,0.0,0.0,0.6,0.6,0.0,0.0,0.0,0.0,0.0,0.0,0.0,0.0,0.0,0.0
1377,dumbbell standing one arm palm in press,shoulders,0.0,0.5,0.3,0.0,0.0,0.0,0.0,0.0,0.0,0.0,0.0,0.0,0.0,0.0,0.0,0.0
1378,dumbbell standing one arm reverse curl,upper arms,0.0,0.0,0.0,0.0,0.5,0.0,0.6,0.0,0.0,0.0,0.0,0.0,0.0,0.0,0.0,0.0
1379,dumbbell standing overhead press,shoulders,0.0,0.8,0.5,0.0,0.0,0.5,0.0,0.0,0.0,0.0,0.0,0.3,0.0,0.0,0.0,0.0
1380,dumbbell standing palms in press,shoulders,0.0,0.7,0.4,0.0,0.0,0.4,0.0,0.0,0.0,0.0,0.0,0.3,0.0,0.0,0.0,0.0
1381,dumbbell standing preacher curl,upper arms,0.0,0.0,0.0,0.0,1.0,0.0,0.3,0.0,0.0,0.0,0.0,0.0,0.0,0.0,0.0,0.0
1382,dumbbell standing reverse curl,upper arms,0.0,0.0,0.0,0.0,0.5,0.0,0.6,0.0,0.0,0.0,0.0,0.0,0.0,0.0,0.0,0.0
1383,dumbbell standing triceps extension,upper arms,0.0,0.0,0.0,0.0,0.0,1.0,0.0,0.0,0.0,0.0,0.0,0.0,0.0,0.0,0.0,0.0
1384,dumbbell step-up,upper legs,0.0,0.0,0.0,0.0,0.0,0.0,0.0,0.0,0.0,0.0,0.0,0.3,0.8,0.2,0.7,0.2
1385,dumbbell stiff leg deadlift,upper legs,0.0,0.0,0.0,0.0,0.0,0.0,0.4,0.0,0.0,0.5,0.0,0.6,0.1,0.9,0.5,0.0
1386,dumbbell straight arm pullover,chest,0.5,0.0,0.0,0.0,0.0,0.2,0.0,0.6,0.0,0.0,0.0,0.0,0.0,0.0,0.0,0.0
1387,dumbbell straight leg deadlift,upper legs,0.0,0.0,0.0,0.0,0.0,0.0,0.4,0.0,0.0,0.5,0.0,0.6,0.1,0.9,0.5,0.0
1388,dumbbell tate press,upper arms,0.3,0.0,0.0,0.0,0.0,0.8,0.0,0.0,0.0,0.0,0.0,0.0,0.0,0.0,0.0,0.0
1389,dumbbell upright row,shoulders,0.0,0.3,0.8,0.0,0.3,0.0,0.0,0.0,0.2,0.0,0.0,0.0,0.0,0.0,0.0,0.0
1390,dumbbell w-press,shoulders,0.0,0.6,0.5,0.4,0.0,0.3,0.0,0.0,0.0,0.0,0.0,0.0,0.0,0.0,0.0,0.0
1391,dumbbell zottman curl,upper arms,0.0,0.0,0.0,0.0,1.0,0.0,0.3,0.0,0.0,0.0,0.0,0.0,0.0,0.0,0.0,0.0
1392,elbow-to-knee,waist,0.0,0.0,0.0,0.0,0.0,0.0,0.0,0.0,0.0,0.0,0.9,0.3,0.0,0.0,0.0,0.0
1393,ez barbell anti gravity press,shoulders,0.0,0.5,0.3,0.0,0.0,0.0,0.0,0.0,0.0,0.0,0.0,0.0,0.0,0.0,0.0,0.0
1394,ez barbell close-grip curl,upper arms,0.0,0.0,0.0,0.0,1.0,0.0,0.3,0.0,0.0,0.0,0.0,0.0,0.0,0.0,0.0,0.0
1395,ez barbell curl,upper arms,0.0,0.0,0.0,0.0,1.0,0.0,0.3,0.0,0.0,0.0,0.0,0.0,0.0,0.0,0.0,0.0
1396,ez barbell decline close grip face press,upper arms,0.5,0.0,0.0,0.0,0.0,0.7,0.0,0.0,0.0,0.0,0.0,0.0,0.0,0.0,0.0,0.0
1397,ez barbell incline triceps extension,upper arms,0.0,0.0,0.0,0.0,0.0,1.0,0.0,0.0,0.0,0.0,0.0,0.0,0.0,0.0,0.0,0.0
1398,ez barbell jm bench press,upper arms,0.5,0.2,0.0,0.0,0.0,0.8,0.0,0.0,0.0,0.0,0.0,0.0,0.0,0.0,0.0,0.0
1399,ez barbell reverse grip curl,upper arms,0.0,0.0,0.0,0.0,0.5,0.0,0.6,0.0,0.0,0.0,0.0,0.0,0.0,0.0,0.0,0.0
1400,ez barbell reverse grip preacher curl,upper arms,0.0,0.0,0.0,0.0,1.0,0.0,0.3,0.0,0.0,0.0,0.0,0.0,0.0,0.0,0.0,0.0
1401,ez barbell seated triceps extension,upper arms,0.0,0.0,0.0,0.0,0.0,1.0,0.0,0.0,0.0,0.0,0.0,0.0,0.0,0.0,0.0,0.0
1402,ez barbell spider curl,upper arms,0.0,0.0,0.0,0.0,1.0,0.0,0.3,0.0,0.0,0.0,0.0,0.0,0.0,0.0,0.0,0.0
1403,finger curls,lower arms,0.0,0.0,0.0,0.0,0.0,0.0,1.0,0.0,0.0,0.0,0.0,0.0,0.0,0.0,0.0,0.0
1404,flexion leg sit up (bent knee),waist,0.0,0.0,0.0,0.0,0.0,0.0,0.0,0.0,0.0,0.0,1.0,0.5,0.3,0.0,0.0,0.0
1405,flexion leg sit up (straight arm),waist,0.0,0.0,0.0,0.0,0.0,0.0,0.0,0.0,0.0,0.0,1.0,0.5,0.3,0.0,0.0,0.0
1406,floor fly (with barbell),chest,1.0,0.3,0.0,0.0,0.0,0.0,0.0,0.0,0.0,0.0,0.0,0.0,0.0,0.0,0.0,0.0
1407,flutter kicks,upper legs,0.0,0.0,0.0,0.0,0.0,0.0,0.0,0.0,0.0,0.0,0.3,0.4,0.6,0.0,0.0,0.0
1408,front plank with twist,waist,0.0,0.0,0.0,0.0,0.0,0.0,0.0,0.0,0.0,0.2,0.7,0.5,0.0,0.0,0.0,0.0
1409,gironda sternum chin,back,0.0,0.0,0.0,0.0,0.3,0.0,0.0,0.5,0.4,0.0,0.0,0.0,0.0,0.0,0.0,0.0
1410,gorilla chin,waist,0.0,0.0,0.0,0.0,0.0,0.0,0.4,0.0,0.0,0.0,0.6,0.5,0.0,0.0,0.0,0.0
1411,groin crunch,waist,0.0,0.0,0.0,0.0,0.0,0.0,0.0,0.0,0.0,0.0,1.0,0.4,0.0,0.0,0.0,0.0
1412,handstand push-up,upper arms,0.0,0.8,0.0,0.0,0.0,0.7,0.0,0.0,0.0,0.0,0.0,0.5,0.0,0.0,0.0,0.0
1413,hanging leg raise,waist,0.0,0.0,0.0,0.0,0.0,0.0,0.0,0.0,0.0,0.0,0.8,0.3,0.5,0.0,0.0,0.0
1414,hanging pike,waist,0.0,0.5,0.0,0.0,0.0,0.3,0.0,0.0,0.0,0.0,0.7,0.5,0.0,0.0,0.0,0.0
1415,hanging straight leg hip raise,waist,0.0,0.0,0.0,0.0,0.0,0.0,0.0,0.0,0.0,0.0,0.6,0.4,0.0,0.3,0.5,0.0
1416,hanging straight leg raise,waist,0.0,0.0,0.0,0.0,0.0,0.0,0.0,0.0,0.0,0.0,0.8,0.3,0.5,0.0,0.0,0.0
1417,hanging straight twisting leg hip raise,waist,0.0,0.0,0.0,0.0,0.0,0.0,0.0,0.0,0.0,0.2,0.7,0.5,0.0,0.0,0.0,0.0
1418,hip raise (bent knee),waist,0.0,0.0,0.0,0.0,0.0,0.0,0.0,0.0,0.0,0.0,0.6,0.4,0.0,0.3,0.5,0.0
1419,hyperextension (on bench),back,0.0,0.0,0.0,0.0,0.0,0.0,0.0,0.0,0.0,0.8,0.0,0.0,0.0,0.4,0.4,0.0
1420,hyperextension,back,0.0,0.0,0.0,0.0,0.0,0.0,0.0,0.0,0.0,0.8,0.0,0.0,0.0,0.4,0.4,0.0
1421,incline close-grip push-up,upper arms,0.3,0.3,0.0,0.0,0.0,0.9,0.0,0.0,0.0,0.0,0.0,0.0,0.0,0.0,0.0,0.0
1422,incline leg hip raise (leg straight),waist,0.0,0.0,0.0,0.0,0.0,0.0,0.0,0.0,0.0,0.0,0.6,0.4,0.0,0.3,0.5,0.0
1423,incline push up depth jump,chest,0.6,0.6,0.0,0.0,0.0,0.4,0.0,0.0,0.0,0.0,0.0,0.5,0.0,0.0,0.0,0.0
1424,incline push-up,chest,0.6,0.6,0.0,0.0,0.0,0.4,0.0,0.0,0.0,0.0,0.0,0.5,0.0,0.0,0.0,0.0
1425,incline reverse grip push-up,chest,0.6,0.6,0.0,0.0,0.0,0.4,0.0,0.0,0.0,0.0,0.0,0.5,0.0,0.0,0.0,0.0
1426,incline twisting sit-up,waist,0.0,0.0,0.0,0.0,0.0,0.0,0.0,0.0,0.0,0.0,1.0,0.5,0.3,0.0,0.0,0.0
1427,inverse leg curl (bench support),upper legs,0.0,0.0,0.0,0.0,0.0,0.0,0.0,0.0,0.0,0.0,0.0,0.0,0.0,0.8,0.4,0.0
1428,inverted row v. 2,back,0.0,0.0,0.0,0.4,0.5,0.0,0.0,0.7,0.6,0.0,0.0,0.0,0.0,0.0,0.0,0.0
1429,inverted row with straps,back,0.0,0.0,0.0,0.4,0.5,0.0,0.0,0.7,0.6,0.0,0.0,0.0,0.0,0.0,0.0,0.0
1430,inverted row,back,0.0,0.0,0.0,0.4,0.5,0.0,0.0,0.7,0.6,0.0,0.0,0.0,0.0,0.0,0.0,0.0
1431,isometric wipers,chest,0.8,0.0,0.0,0.0,0.0,0.3,0.0,0.0,0.0,0.0,0.0,0.3,0.0,0.0,0.0,0.0
1432,jack burpee,cardio,0.3,0.0,0.0,0.0,0.0,0.2,0.0,0.0,0.0,0.0,0.3,0.5,0.5,0.0,0.3,0.3
1433,jackknife sit-up,waist,0.0,0.0,0.0,0.0,0.0,0.0,0.0,0.0,0.0,0.0,1.0,0.5,0.3,0.0,0.0,0.0
1434,janda sit-up,waist,0.0,0.0,0.0,0.0,0.0,0.0,0.0,0.0,0.0,0.0,1.0,0.5,0.3,0.0,0.0,0.0
1435,jump squat v. 2,upper legs,0.0,0.0,0.0,0.0,0.0,0.0,0.0,0.0,0.0,0.2,0.0,0.4,0.8,0.3,0.7,0.5
1436,jump squat,upper legs,0.0,0.0,0.0,0.0,0.0,0.0,0.0,0.0,0.0,0.2,0.0,0.4,0.8,0.3,0.7,0.5
1437,kettlebell advanced windmill,waist,0.0,0.0,0.0,0.0,0.0,0.0,0.0,0.0,0.0,0.4,0.5,0.7,0.0,0.3,0.0,0.0
1438,kettlebell alternating hang clean,lower arms,0.0,0.0,0.0,0.0,0.0,0.0,1.0,0.0,0.0,0.0,0.0,0.0,0.0,0.0,0.0,0.0
1439,kettlebell alternating press on floor,chest,0.8,0.3,0.0,0.0,0.0,0.3,0.0,0.0,0.0,0.0,0.0,0.0,0.0,0.0,0.0,0.0
1440,kettlebell alternating press,shoulders,0.0,0.5,0.3,0.0,0.0,0.0,0.0,0.0,0.0,0.0,0.0,0.0,0.0,0.0,0.0,0.0
1441,kettlebell alternating renegade row,back,0.0,0.0,0.0,0.4,0.5,0.0,0.0,0.7,0.6,0.0,0.0,0.0,0.0,0.0,0.0,0.0
1442,kettlebell alternating row,back,0.0,0.0,0.0,0.4,0.5,0.0,0.0,0.7,0.6,0.0,0.0,0.0,0.0,0.0,0.0,0.0
1443,kettlebell arnold press,shoulders,0.0,0.8,0.6,0.3,0.0,0.5,0.0,0.0,0.0,0.0,0.0,0.3,0.0,0.0,0.0,0.0
1444,kettlebell bent press,waist,0.0,0.0,0.0,0.0,0.0,0.0,0.0,0.0,0.0,0.4,0.5,0.7,0.3,0.0,0.0,0.0
1445,kettlebell bottoms up clean from the hang position,upper arms,0.0,0.3,0.0,0.0,0.5,0.0,0.6,0.0,0.0,0.0,0.0,0.4,0.0,0.0,0.0,0.0
1446,kettlebell double alternating hang clean,upper arms,0.0,0.0,0.0,0.0,0.4,0.0,0.5,0.0,0.0,0.0,0.0,0.0,0.5,0.0,0.4,0.0
1447,kettlebell double jerk,shoulders,0.0,0.5,0.4,0.0,0.0,0.0,0.0,0.0,0.0,0.0,0.0,0.4,0.5,0.0,0.4,0.0
1448,kettlebell double push press,shoulders,0.0,0.5,0.3,0.0,0.0,0.0,0.0,0.0,0.0,0.0,0.0,0.0,0.0,0.0,0.0,0.0
1449,kettlebell double snatch,shoulders,0.0,0.5,0.4,0.0,0.0,0.0,0.0,0.0,0.0,0.0,0.0,0.4,0.5,0.0,0.4,0.0
1450,kettlebell double windmill,waist,0.0,0.0,0.0,0.0,0.0,0.0,0.0,0.0,0.0,0.4,0.5,0.7,0.0,0.3,0.0,0.0
1451,kettlebell extended range one arm press on floor,chest,0.8,0.3,0.0,0.0,0.0,0.3,0.0,0.0,0.0,0.0,0.0,0.0,0.0,0.0,0.0,0.0
1452,kettlebell figure 8,waist,0.0,0.0,0.0,0.0,0.0,0.0,0.5,0.0,0.0,0.0,0.4,0.6,0.0,0.0,0.0,0.0
1453,kettlebell front squat,upper legs,0.0,0.0,0.0,0.0,0.0,0.0,0.0,0.0,0.0,0.15,0.0,0.6,0.9,0.3,0.4,0.0
1454,kettlebell goblet squat,upper legs,0.0,0.0,0.0,0.0,0.0,0.0,0.0,0.0,0.0,0.2,0.0,0.4,0.9,0.3,0.6,0.0
1455,kettlebell hang clean,upper legs,0.0,0.0,0.0,0.0,0.0,0.0,0.0,0.0,0.0,0.4,0.0,0.4,0.7,0.3,0.5,0.2
1456,kettlebell lunge pass through,upper legs,0.0,0.0,0.0,0.0,0.0,0.0,0.0,0.0,0.0,0.0,0.0,0.4,0.8,0.4,0.7,0.0
1457,kettlebell one arm clean and jerk,shoulders,0.0,0.5,0.3,0.0,0.0,0.0,0.0,0.0,0.0,0.0,0.0,0.0,0.0,0.0,0.0,0.0
1458,kettlebell one arm jerk,shoulders,0.0,0.5,0.3,0.0,0.0,0.0,0.0,0.0,0.0,0.0,0.0,0.0,0.0,0.0,0.0,0.0
1459,kettlebell one arm military press to the side,shoulders,0.0,0.8,0.5,0.0,0.0,0.5,0.0,0.0,0.0,0.0,0.0,0.5,0.0,0.0,0.0,0.0
1460,kettlebell one arm push press,shoulders,0.0,0.5,0.3,0.0,0.0,0.0,0.0,0.0,0.0,0.0,0.0,0.0,0.0,0.0,0.0,0.0
1461,kettlebell one arm row,back,0.0,0.0,0.0,0.4,0.5,0.0,0.0,0.7,0.6,0.0,0.0,0.4,0.0,0.0,0.0,0.0
1462,kettlebell one arm snatch,shoulders,0.0,0.5,0.3,0.0,0.0,0.0,0.0,0.0,0.0,0.0,0.0,0.0,0.0,0.0,0.0,0.0
1463,kettlebell pirate supper legs,shoulders,0.0,0.4,0.3,0.0,0.0,0.0,0.0,0.0,0.0,0.0,0.0,0.5,0.3,0.0,0.0,0.0
1464,kettlebell pistol squat,upper legs,0.0,0.0,0.0,0.0,0.0,0.0,0.0,0.0,0.0,0.2,0.0,0.6,1.0,0.3,0.6,0.0
1465,kettlebell plyo push-up,chest,0.8,0.3,0.0,0.0,0.0,0.4,0.0,0.0,0.0,0.0,0.0,0.5,0.0,0.0,0.0,0.0
1466,kettlebell seated press,shoulders,0.0,0.5,0.3,0.0,0.0,0.0,0.0,0.0,0.0,0.0,0.0,0.0,0.0,0.0,0.0,0.0
1467,kettlebell seesaw press,shoulders,0.0,0.7,0.4,0.0,0.0,0.4,0.0,0.0,0.0,0.0,0.0,0.5,0.0,0.0,0.0,0.0
1468,kettlebell sumo high pull,back,0.0,0.0,0.0,0.4,0.0,0.0,0.3,0.5,0.4,0.4,0.0,0.0,0.5,0.0,0.5,0.0
1538,push-up (bosu ball),chest,0.8,0.3,0.0,0.0,0.0,0.4,0.0,0.0,0.0,0.0,0.0,0.5,0.0,0.0,0.0,0.0
1469,kettlebell swing,upper legs,0.0,0.0,0.0,0.0,0.0,0.0,0.3,0.0,0.0,0.4,0.0,0.4,0.3,0.5,0.7,0.0
1470,kettlebell thruster,shoulders,0.0,0.5,0.3,0.0,0.0,0.0,0.0,0.0,0.0,0.0,0.0,0.0,0.0,0.0,0.0,0.0
1471,kettlebell turkish get up (squat style),upper legs,0.0,0.0,0.0,0.0,0.0,0.0,0.0,0.0,0.0,0.2,0.0,0.4,0.9,0.3,0.6,0.0
1472,kettlebell two arm clean,shoulders,0.0,0.5,0.3,0.0,0.0,0.0,0.0,0.0,0.0,0.0,0.0,0.0,0.0,0.0,0.0,0.0
1473,kettlebell two arm military press,shoulders,0.0,0.8,0.5,0.0,0.0,0.5,0.0,0.0,0.0,0.0,0.0,0.3,0.0,0.0,0.0,0.0
1474,kettlebell windmill,waist,0.0,0.0,0.0,0.0,0.0,0.0,0.0,0.0,0.0,0.4,0.5,0.7,0.0,0.3,0.0,0.0
1475,kick out sit,upper legs,0.0,0.0,0.0,0.0,0.0,0.0,0.0,0.0,0.0,0.0,0.0,0.0,0.5,0.2,0.4,0.0
1476,kipping muscle up,back,0.5,0.0,0.0,0.0,0.5,0.5,0.0,0.7,0.4,0.0,0.0,0.4,0.0,0.0,0.0,0.0
1477,landmine 180,waist,0.0,0.4,0.0,0.0,0.0,0.0,0.0,0.0,0.0,0.0,0.5,0.7,0.0,0.0,0.0,0.0
1478,leg pull in flat bench,waist,0.0,0.0,0.0,0.0,0.0,0.0,0.0,0.0,0.0,0.0,0.6,0.5,0.0,0.0,0.0,0.0
1479,lever alternating narrow grip seated row,back,0.0,0.0,0.0,0.4,0.6,0.0,0.0,0.5,0.6,0.15,0.0,0.15,0.0,0.0,0.0,0.0
1480,lever assisted chin-up,back,0.0,0.0,0.0,0.0,0.8,0.0,0.0,0.7,0.5,0.0,0.0,0.0,0.0,0.0,0.0,0.0
1638,triceps stretch,upper arms,0.0,0.0,0.0,0.0,0.0,0.1,0.0,0.0,0.0,0.0,0.0,0.0,0.0,0.0,0.0,0.0
1481,lever back extension,back,0.0,0.0,0.0,0.0,0.0,0.0,0.0,0.0,0.0,0.8,0.0,0.0,0.0,0.4,0.4,0.0
1482,lever bent over row,back,0.0,0.0,0.0,0.4,0.5,0.0,0.0,0.7,0.6,0.4,0.0,0.3,0.0,0.0,0.0,0.0
1483,lever bicep curl,upper arms,0.0,0.0,0.0,0.0,1.0,0.0,0.3,0.0,0.0,0.0,0.0,0.0,0.0,0.0,0.0,0.0
1484,lever chest press,chest,1.0,0.3,0.0,0.0,0.0,0.3,0.0,0.0,0.0,0.0,0.0,0.0,0.0,0.0,0.0,0.0
1485,lever chest press,chest,1.0,0.3,0.0,0.0,0.0,0.3,0.0,0.0,0.0,0.0,0.0,0.0,0.0,0.0,0.0,0.0
1486,lever deadlift,upper legs,0.0,0.0,0.0,0.0,0.0,0.0,0.4,0.0,0.0,0.6,0.0,0.6,0.4,0.6,0.7,0.0
1487,lever front pulldown,back,0.0,0.0,0.0,0.0,0.5,0.0,0.0,0.8,0.4,0.0,0.0,0.0,0.0,0.0,0.0,0.0
1488,lever gripless shrug,back,0.0,0.0,0.0,0.0,0.0,0.0,0.3,0.0,0.6,0.0,0.0,0.0,0.0,0.0,0.0,0.0
1489,lever high row,back,0.0,0.0,0.0,0.5,0.5,0.0,0.0,0.5,0.7,0.0,0.0,0.0,0.0,0.0,0.0,0.0
1490,lever kneeling leg curl,upper legs,0.0,0.0,0.0,0.0,0.0,0.0,0.0,0.0,0.0,0.0,0.0,0.0,0.0,1.0,0.0,0.0
1491,lever kneeling twist,waist,0.0,0.0,0.0,0.0,0.0,0.0,0.0,0.0,0.0,0.2,0.7,0.5,0.0,0.0,0.0,0.0
1492,lever lateral raise,shoulders,0.0,0.2,1.0,0.0,0.0,0.0,0.0,0.0,0.0,0.0,0.0,0.0,0.0,0.0,0.0,0.0
1493,lever leg extension,upper legs,0.0,0.0,0.0,0.0,0.0,0.0,0.0,0.0,0.0,0.0,0.0,0.0,1.0,0.0,0.0,0.0
1494,lever lying leg curl,upper legs,0.0,0.0,0.0,0.0,0.0,0.0,0.0,0.0,0.0,0.0,0.0,0.0,0.0,1.0,0.0,0.0
1495,lever military press,shoulders,0.0,0.8,0.5,0.0,0.0,0.5,0.0,0.0,0.0,0.0,0.0,0.3,0.0,0.0,0.0,0.0
1496,lever narrow grip seated row,back,0.0,0.0,0.0,0.4,0.6,0.0,0.0,0.5,0.6,0.15,0.0,0.15,0.0,0.0,0.0,0.0
1497,lever one arm bent over row,back,0.0,0.0,0.0,0.4,0.5,0.0,0.0,0.7,0.6,0.4,0.0,0.4,0.0,0.0,0.0,0.0
1498,lever one arm shoulder press,shoulders,0.0,0.8,0.5,0.0,0.0,0.5,0.0,0.0,0.0,0.0,0.0,0.5,0.0,0.0,0.0,0.0
1499,lever overhand triceps dip,upper arms,0.2,0.3,0.0,0.0,0.0,1.0,0.0,0.0,0.0,0.0,0.0,0.2,0.0,0.0,0.0,0.0
1500,lever preacher curl,upper arms,0.0,0.0,0.0,0.0,1.0,0.0,0.3,0.0,0.0,0.0,0.0,0.0,0.0,0.0,0.0,0.0
1501,lever reverse hyperextension,upper legs,0.0,0.0,0.0,0.0,0.0,0.0,0.0,0.0,0.0,0.3,0.0,0.0,0.0,0.5,0.6,0.0
1502,lever seated calf raise,lower legs,0.0,0.0,0.0,0.0,0.0,0.0,0.0,0.0,0.0,0.0,0.0,0.0,0.0,0.0,0.0,1.0
1503,lever seated crunch (chest pad),waist,0.0,0.0,0.0,0.0,0.0,0.0,0.0,0.0,0.0,0.0,1.0,0.4,0.0,0.0,0.0,0.0
1504,lever seated fly,chest,1.0,0.3,0.0,0.0,0.0,0.0,0.0,0.0,0.0,0.0,0.0,0.0,0.0,0.0,0.0,0.0
1505,lever seated hip abduction,upper legs,0.0,0.0,0.0,0.0,0.0,0.0,0.0,0.0,0.0,0.0,0.0,0.0,0.1,0.0,0.6,0.0
1506,lever seated hip adduction,upper legs,0.0,0.0,0.0,0.0,0.0,0.0,0.0,0.0,0.0,0.0,0.0,0.0,0.3,0.0,0.2,0.0
1507,lever seated leg curl,upper legs,0.0,0.0,0.0,0.0,0.0,0.0,0.0,0.0,0.0,0.0,0.0,0.0,0.0,1.0,0.0,0.0
1508,lever seated leg raise crunch,waist,0.0,0.0,0.0,0.0,0.0,0.0,0.0,0.0,0.0,0.0,1.0,0.4,0.0,0.0,0.0,0.0
1931,sledge hammer,waist,0.0,0.4,0.0,0.0,0.3,0.0,0.5,0.4,0.0,0.0,0.5,0.7,0.0,0.0,0.0,0.0
1509,lever seated reverse fly (parallel grip),shoulders,0.0,0.0,0.0,0.9,0.0,0.0,0.0,0.0,0.3,0.0,0.0,0.0,0.0,0.0,0.0,0.0
1510,lever seated reverse fly,shoulders,0.0,0.0,0.0,0.9,0.0,0.0,0.0,0.0,0.3,0.0,0.0,0.0,0.0,0.0,0.0,0.0
1511,lever shoulder press,shoulders,0.0,0.8,0.5,0.0,0.0,0.5,0.0,0.0,0.0,0.0,0.0,0.3,0.0,0.0,0.0,0.0
1512,lever shrug,back,0.0,0.0,0.0,0.0,0.0,0.0,0.3,0.0,0.6,0.0,0.0,0.0,0.0,0.0,0.0,0.0
1513,lever standing calf raise,lower legs,0.0,0.0,0.0,0.0,0.0,0.0,0.0,0.0,0.0,0.0,0.0,0.0,0.0,0.0,0.0,1.0
1514,lever t bar row,back,0.0,0.0,0.0,0.4,0.5,0.0,0.0,0.7,0.6,0.5,0.0,0.0,0.0,0.0,0.0,0.0
1515,lever triceps extension,upper arms,0.0,0.0,0.0,0.0,0.0,1.0,0.0,0.0,0.0,0.0,0.0,0.0,0.0,0.0,0.0,0.0
1516,london bridge,back,0.0,0.0,0.0,0.0,0.3,0.0,0.0,0.5,0.4,0.0,0.0,0.0,0.0,0.0,0.0,0.0
1517,lying (side) quads stretch,upper legs,0.05,0.05,0.05,0.05,0.05,0.05,0.05,0.05,0.05,0.05,0.05,0.05,0.1,0.05,0.05,0.05
1518,lying leg raise flat bench,waist,0.0,0.0,0.0,0.0,0.0,0.0,0.0,0.0,0.0,0.0,0.8,0.3,0.5,0.0,0.0,0.0
1519,march sit (wall),upper legs,0.0,0.0,0.0,0.0,0.0,0.0,0.0,0.0,0.0,0.0,0.0,0.3,0.7,0.0,0.3,0.0
1520,mixed grip chin-up,back,0.0,0.0,0.0,0.0,0.8,0.0,0.0,0.7,0.5,0.0,0.0,0.0,0.0,0.0,0.0,0.0
1521,monster walk,upper legs,0.0,0.0,0.0,0.0,0.0,0.0,0.0,0.0,0.0,0.0,0.0,0.0,0.3,0.0,0.6,0.0
1522,mountain climber,cardio,0.3,0.0,0.0,0.0,0.0,0.3,0.0,0.0,0.0,0.0,0.4,0.6,0.5,0.0,0.0,0.0
1523,muscle up,back,0.5,0.0,0.0,0.0,0.5,0.5,0.0,0.7,0.4,0.0,0.0,0.4,0.0,0.0,0.0,0.0
1524,negative crunch,waist,0.0,0.0,0.0,0.0,0.0,0.0,0.0,0.0,0.0,0.0,1.0,0.4,0.0,0.0,0.0,0.0
1525,oblique crunches floor,waist,0.0,0.0,0.0,0.0,0.0,0.0,0.0,0.0,0.0,0.0,1.0,0.4,0.0,0.0,0.0,0.0
1526,olympic barbell hammer curl,upper arms,0.0,0.0,0.0,0.0,0.7,0.0,0.5,0.0,0.0,0.0,0.0,0.0,0.0,0.0,0.0,0.0
1527,olympic barbell triceps extension,upper arms,0.0,0.0,0.0,0.0,0.0,1.0,0.0,0.0,0.0,0.0,0.0,0.0,0.0,0.0,0.0,0.0
1528,one arm chin-up,back,0.0,0.0,0.0,0.0,0.8,0.0,0.0,0.7,0.5,0.0,0.0,0.0,0.0,0.0,0.0,0.0
1529,one arm dip,upper arms,0.4,0.3,0.0,0.0,0.0,0.8,0.0,0.0,0.0,0.0,0.0,0.2,0.0,0.0,0.0,0.0
1530,one arm slam (with medicine ball),waist,0.0,0.5,0.0,0.0,0.0,0.0,0.0,0.0,0.0,0.0,0.4,0.6,0.4,0.0,0.3,0.0
1531,otis up,waist,0.0,0.0,0.0,0.0,0.0,0.0,0.0,0.0,0.0,0.0,1.0,0.4,0.3,0.0,0.0,0.0
1532,outside leg kick push-up,upper legs,0.0,0.0,0.0,0.0,0.0,0.0,0.0,0.0,0.0,0.0,0.0,0.0,0.5,0.2,0.4,0.0
1533,overhead triceps stretch,upper arms,0.0,0.0,0.0,0.0,0.0,0.1,0.0,0.0,0.0,0.0,0.0,0.0,0.0,0.0,0.0,0.0
1534,power clean,upper legs,0.0,0.0,0.0,0.0,0.0,0.0,0.0,0.0,0.0,0.4,0.0,0.4,0.7,0.3,0.5,0.2
1535,pull-in (on stability ball),waist,0.0,0.0,0.0,0.0,0.0,0.0,0.0,0.0,0.0,0.0,0.6,0.5,0.0,0.0,0.0,0.0
1536,pull up (neutral grip),back,0.0,0.0,0.0,0.0,0.6,0.0,0.0,0.8,0.5,0.0,0.0,0.0,0.0,0.0,0.0,0.0
1537,pull-up,back,0.0,0.0,0.0,0.0,0.6,0.0,0.0,0.9,0.5,0.0,0.0,0.0,0.0,0.0,0.0,0.0
1539,push-up (on stability ball),chest,0.8,0.3,0.0,0.0,0.0,0.4,0.0,0.0,0.0,0.0,0.0,0.5,0.0,0.0,0.0,0.0
1540,push-up (on stability ball),chest,0.8,0.3,0.0,0.0,0.0,0.4,0.0,0.0,0.0,0.0,0.0,0.5,0.0,0.0,0.0,0.0
1541,push-up (wall) v. 2,chest,0.8,0.3,0.0,0.0,0.0,0.4,0.0,0.0,0.0,0.0,0.0,0.5,0.0,0.0,0.0,0.0
1542,push-up (wall),chest,0.8,0.3,0.0,0.0,0.0,0.4,0.0,0.0,0.0,0.0,0.0,0.5,0.0,0.0,0.0,0.0
1543,push-up close-grip off dumbbell,upper arms,0.3,0.3,0.0,0.0,0.0,0.9,0.0,0.0,0.0,0.0,0.0,0.0,0.0,0.0,0.0,0.0
1544,push-up inside leg kick,upper legs,0.0,0.0,0.0,0.0,0.0,0.0,0.0,0.0,0.0,0.0,0.0,0.0,0.5,0.2,0.4,0.0
1545,push-up,chest,0.8,0.3,0.0,0.0,0.0,0.4,0.0,0.0,0.0,0.0,0.0,0.5,0.0,0.0,0.0,0.0
1546,push-up medicine ball,chest,0.8,0.3,0.0,0.0,0.0,0.4,0.0,0.0,0.0,0.0,0.0,0.5,0.0,0.0,0.0,0.0
1547,push-up to side plank,waist,0.0,0.2,0.0,0.0,0.0,0.0,0.0,0.0,0.0,0.0,0.5,1.0,0.2,0.0,0.0,0.0
1548,raise single arm push-up,chest,0.8,0.3,0.0,0.0,0.0,0.4,0.0,0.0,0.0,0.0,0.0,0.5,0.0,0.0,0.0,0.0
1549,rear decline bridge,upper legs,0.0,0.0,0.0,0.0,0.0,0.0,0.0,0.0,0.0,0.0,0.0,0.0,0.5,0.2,0.4,0.0
1550,rear deltoid stretch,shoulders,0.05,0.05,0.05,0.9,0.05,0.05,0.05,0.05,0.3,0.05,0.05,0.05,0.05,0.05,0.05,0.05
1551,rear pull-up,back,0.0,0.0,0.0,0.0,0.7,0.0,0.0,0.8,0.5,0.0,0.0,0.0,0.0,0.0,0.0,0.0
1552,reverse dip,upper arms,0.4,0.3,0.0,0.0,0.0,0.8,0.0,0.0,0.0,0.0,0.0,0.2,0.0,0.0,0.0,0.0
1553,reverse grip machine lat pulldown,back,0.0,0.0,0.0,0.0,0.7,0.0,0.0,0.7,0.4,0.0,0.0,0.0,0.0,0.0,0.0,0.0
1554,reverse grip pull-up,back,0.0,0.0,0.0,0.0,0.7,0.0,0.0,0.8,0.5,0.0,0.0,0.0,0.0,0.0,0.0,0.0
1555,reverse hyper extension (on stability ball),upper legs,0.0,0.0,0.0,0.0,0.0,0.0,0.0,0.0,0.0,0.3,0.0,0.0,0.0,0.5,0.6,0.0
1556,ring dips,upper arms,0.4,0.3,0.0,0.0,0.0,0.8,0.0,0.0,0.0,0.0,0.0,0.2,0.0,0.0,0.0,0.0
1557,rocky pull-up pulldown,back,0.0,0.0,0.0,0.0,0.6,0.0,0.0,0.9,0.5,0.0,0.0,0.0,0.0,0.0,0.0,0.0
1558,rope climb,back,0.0,0.0,0.0,0.0,0.6,0.0,0.6,0.7,0.4,0.0,0.0,0.0,0.0,0.0,0.0,0.0
1559,run (equipment),cardio,0.0,0.0,0.0,0.0,0.0,0.0,0.0,0.0,0.0,0.0,0.0,0.2,0.5,0.3,0.3,0.5
1560,run,cardio,0.0,0.0,0.0,0.0,0.0,0.0,0.0,0.0,0.0,0.0,0.0,0.2,0.5,0.3,0.3,0.5
1561,russian twist,waist,0.0,0.0,0.0,0.0,0.0,0.0,0.0,0.0,0.0,0.2,0.7,0.5,0.0,0.0,0.0,0.0
1562,scapular pull-up,back,0.0,0.0,0.0,0.0,0.6,0.0,0.0,0.3,0.7,0.0,0.0,0.0,0.0,0.0,0.0,0.0
1563,seated leg raise,waist,0.0,0.0,0.0,0.0,0.0,0.0,0.0,0.0,0.0,0.0,0.8,0.3,0.5,0.0,0.0,0.0
1564,seated lower back stretch,back,0.0,0.0,0.0,0.0,0.0,0.0,0.0,0.0,0.0,0.1,0.0,0.0,0.0,0.0,0.0,0.0
1565,seated side crunch (wall),waist,0.0,0.0,0.0,0.0,0.0,0.0,0.0,0.0,0.0,0.0,1.0,0.4,0.0,0.0,0.0,0.0
1566,self assisted inverse leg curl (on floor),upper legs,0.0,0.0,0.0,0.0,0.0,0.0,0.0,0.0,0.0,0.0,0.0,0.0,0.0,0.8,0.4,0.0
1567,self assisted inverse leg curl,upper legs,0.0,0.0,0.0,0.0,0.0,0.0,0.0,0.0,0.0,0.0,0.0,0.0,0.0,0.8,0.4,0.0
1568,shoulder tap push-up,chest,0.8,0.3,0.0,0.0,0.0,0.4,0.0,0.0,0.0,0.0,0.0,0.5,0.0,0.0,0.0,0.0
1569,side bridge v. 2,waist,0.0,0.0,0.0,0.0,0.0,0.0,0.0,0.0,0.0,0.0,0.6,0.8,0.2,0.0,0.0,0.0
1570,side hip (on parallel bars),waist,0.0,0.0,0.0,0.0,0.0,0.0,0.0,0.0,0.0,0.0,0.6,0.5,0.0,0.0,0.0,0.0
1571,side hip abduction,upper legs,0.0,0.0,0.0,0.0,0.0,0.0,0.0,0.0,0.0,0.0,0.0,0.0,0.1,0.0,0.6,0.0
1572,side push neck stretch,neck,0.0,0.0,0.0,0.0,0.0,0.0,0.0,0.0,0.0,0.0,0.0,0.0,0.0,0.0,0.0,0.0
1573,side push-up,upper arms,0.5,0.3,0.0,0.0,0.0,0.6,0.0,0.0,0.0,0.0,0.0,0.4,0.0,0.0,0.0,0.0
1574,side-to-side chin,back,0.0,0.0,0.0,0.0,0.3,0.0,0.0,0.5,0.4,0.0,0.0,0.0,0.0,0.0,0.0,0.0
1575,side wrist pull stretch,lower arms,0.05,0.05,0.05,0.05,0.05,0.05,0.1,0.05,0.05,0.05,0.05,0.05,0.05,0.05,0.05,0.05
1576,single arm push-up,chest,0.8,0.3,0.0,0.0,0.0,0.4,0.0,0.0,0.0,0.0,0.0,0.5,0.0,0.0,0.0,0.0
1577,single leg calf raise (on a dumbbell),lower legs,0.0,0.0,0.0,0.0,0.0,0.0,0.0,0.0,0.0,0.0,0.0,0.0,0.0,0.0,0.0,1.0
1578,single leg platform slide,upper legs,0.0,0.0,0.0,0.0,0.0,0.0,0.0,0.0,0.0,0.0,0.0,0.0,0.5,0.2,0.4,0.0
1579,sit-up v. 2,waist,0.0,0.0,0.0,0.0,0.0,0.0,0.0,0.0,0.0,0.0,1.0,0.5,0.3,0.0,0.0,0.0
1580,sled 45° calf press,lower legs,0.0,0.0,0.0,0.0,0.0,0.0,0.0,0.0,0.0,0.0,0.0,0.0,0.0,0.0,0.0,1.0
1581,sled 45° leg press,upper legs,0.0,0.0,0.0,0.0,0.0,0.0,0.0,0.0,0.0,0.0,0.0,0.0,0.8,0.4,0.6,0.2
1582,sled 45° leg wide press,upper legs,0.0,0.0,0.0,0.0,0.0,0.0,0.0,0.0,0.0,0.0,0.0,0.0,0.7,0.3,0.5,0.0
1583,sled closer hack squat,upper legs,0.0,0.0,0.0,0.0,0.0,0.0,0.0,0.0,0.0,0.2,0.0,0.2,0.9,0.1,0.3,0.0
1584,sled forward angled calf raise,lower legs,0.0,0.0,0.0,0.0,0.0,0.0,0.0,0.0,0.0,0.0,0.0,0.0,0.0,0.0,0.0,1.0
1585,sled hack squat,upper legs,0.0,0.0,0.0,0.0,0.0,0.0,0.0,0.0,0.0,0.2,0.0,0.2,0.9,0.1,0.3,0.0
1586,sled lying squat,upper legs,0.0,0.0,0.0,0.0,0.0,0.0,0.0,0.0,0.0,0.2,0.0,0.4,0.9,0.3,0.6,0.0
1587,smith back shrug,back,0.0,0.0,0.0,0.0,0.0,0.0,0.3,0.0,0.6,0.0,0.0,0.0,0.0,0.0,0.0,0.0
1588,smith behind neck press,shoulders,0.0,0.5,0.3,0.0,0.0,0.0,0.0,0.0,0.0,0.0,0.0,0.0,0.0,0.0,0.0,0.0
1589,smith bench press,chest,1.0,0.3,0.0,0.0,0.0,0.3,0.0,0.0,0.0,0.0,0.0,0.0,0.0,0.0,0.0,0.0
1590,smith bent knee good morning,upper legs,0.0,0.0,0.0,0.0,0.0,0.0,0.0,0.0,0.0,0.6,0.0,0.4,0.0,0.6,0.5,0.0
1591,smith chair squat,upper legs,0.0,0.0,0.0,0.0,0.0,0.0,0.0,0.0,0.0,0.2,0.0,0.4,0.9,0.3,0.6,0.0
1592,smith close-grip bench press,upper arms,0.5,0.2,0.0,0.0,0.0,0.8,0.0,0.0,0.0,0.0,0.0,0.0,0.0,0.0,0.0,0.0
1593,smith deadlift,upper legs,0.0,0.0,0.0,0.0,0.0,0.0,0.4,0.0,0.0,0.6,0.0,0.6,0.4,0.6,0.7,0.0
1594,smith decline bench press,chest,1.0,0.15,0.0,0.0,0.0,0.3,0.0,0.0,0.0,0.0,0.0,0.0,0.0,0.0,0.0,0.0
1595,smith decline reverse-grip press,chest,0.8,0.3,0.0,0.0,0.0,0.3,0.0,0.0,0.0,0.0,0.0,0.0,0.0,0.0,0.0,0.0
1596,smith hack squat,upper legs,0.0,0.0,0.0,0.0,0.0,0.0,0.0,0.0,0.0,0.2,0.0,0.2,0.9,0.1,0.3,0.0
1932,hamstring stretch,upper legs,0.0,0.0,0.0,0.0,0.0,0.0,0.0,0.0,0.0,0.0,0.0,0.0,0.1,0.1,0.0,0.0
1597,smith hip raise,waist,0.0,0.0,0.0,0.0,0.0,0.0,0.0,0.0,0.0,0.0,0.6,0.4,0.0,0.3,0.5,0.0
1598,smith incline bench press,chest,0.9,0.5,0.0,0.0,0.0,0.3,0.0,0.0,0.0,0.0,0.0,0.0,0.0,0.0,0.0,0.0
1599,smith incline reverse-grip press,chest,0.8,0.3,0.0,0.0,0.0,0.3,0.0,0.0,0.0,0.0,0.0,0.0,0.0,0.0,0.0,0.0
1600,smith incline shoulder raises,chest,0.8,0.3,0.0,0.0,0.0,0.3,0.0,0.0,0.0,0.0,0.0,0.0,0.0,0.0,0.0,0.0
1601,smith leg press,upper legs,0.0,0.0,0.0,0.0,0.0,0.0,0.0,0.0,0.0,0.0,0.0,0.0,0.8,0.4,0.6,0.2
1602,smith narrow row,back,0.0,0.0,0.0,0.4,0.6,0.0,0.0,0.5,0.6,0.0,0.0,0.0,0.0,0.0,0.0,0.0
1603,smith rear delt row,shoulders,0.0,0.0,0.0,0.9,0.0,0.0,0.0,0.0,0.3,0.0,0.0,0.0,0.0,0.0,0.0,0.0
1604,smith reverse calf raises,lower legs,0.0,0.0,0.0,0.0,0.0,0.0,0.0,0.0,0.0,0.0,0.0,0.0,0.0,0.0,0.0,1.0
1605,smith reverse-grip press,chest,0.8,0.3,0.0,0.0,0.0,0.3,0.0,0.0,0.0,0.0,0.0,0.0,0.0,0.0,0.0,0.0
1606,smith seated shoulder press,shoulders,0.0,0.8,0.5,0.0,0.0,0.5,0.0,0.0,0.0,0.0,0.0,0.3,0.0,0.0,0.0,0.0
1607,smith shoulder press,shoulders,0.0,0.8,0.5,0.0,0.0,0.5,0.0,0.0,0.0,0.0,0.0,0.3,0.0,0.0,0.0,0.0
1608,smith shrug,back,0.0,0.0,0.0,0.0,0.0,0.0,0.3,0.0,0.6,0.0,0.0,0.0,0.0,0.0,0.0,0.0
1609,smith single leg split squat,upper legs,0.0,0.0,0.0,0.0,0.0,0.0,0.0,0.0,0.0,0.2,0.0,0.5,0.8,0.3,0.6,0.0
1623,standing single leg curl,upper legs,0.0,0.0,0.0,0.0,0.0,0.0,0.0,0.0,0.0,0.0,0.0,0.0,0.0,1.0,0.0,0.0
1610,smith sprint lunge,upper legs,0.0,0.0,0.0,0.0,0.0,0.0,0.0,0.0,0.0,0.0,0.0,0.4,0.8,0.4,0.7,0.0
1611,smith squat,upper legs,0.0,0.0,0.0,0.0,0.0,0.0,0.0,0.0,0.0,0.2,0.0,0.4,0.9,0.3,0.6,0.0
1612,smith standing back wrist curl,lower arms,0.0,0.0,0.0,0.0,0.0,0.0,1.0,0.0,0.0,0.0,0.0,0.0,0.0,0.0,0.0,0.0
1613,smith standing behind head military press,shoulders,0.0,0.5,0.5,0.4,0.0,0.5,0.0,0.0,0.0,0.0,0.0,0.3,0.0,0.0,0.0,0.0
1614,smith standing leg calf raise,lower legs,0.0,0.0,0.0,0.0,0.0,0.0,0.0,0.0,0.0,0.0,0.0,0.0,0.0,0.0,0.0,1.0
1615,smith standing military press,shoulders,0.0,0.8,0.5,0.0,0.0,0.5,0.0,0.0,0.0,0.0,0.0,0.3,0.0,0.0,0.0,0.0
1616,smith upright row,shoulders,0.0,0.3,0.8,0.0,0.3,0.0,0.0,0.0,0.2,0.0,0.0,0.0,0.0,0.0,0.0,0.0
1617,snatch pull,upper legs,0.0,0.4,0.0,0.0,0.0,0.0,0.0,0.0,0.0,0.4,0.0,0.4,0.7,0.3,0.5,0.2
1618,spell caster,waist,0.0,0.0,0.0,0.4,0.0,0.0,0.0,0.0,0.3,0.0,0.6,0.7,0.0,0.0,0.0,0.0
1619,spider crawl push up,upper legs,0.3,0.0,0.0,0.0,0.0,0.3,0.0,0.0,0.0,0.0,0.0,0.5,0.4,0.0,0.0,0.0
1620,squat jerk,upper legs,0.0,0.0,0.0,0.0,0.0,0.0,0.0,0.0,0.0,0.2,0.0,0.4,0.9,0.3,0.6,0.0
1621,standing behind neck press,shoulders,0.0,0.5,0.3,0.0,0.0,0.0,0.0,0.0,0.0,0.0,0.0,0.0,0.0,0.0,0.0,0.0
1622,standing lateral stretch,back,0.0,0.0,0.0,0.0,0.0,0.0,0.0,0.1,0.0,0.0,0.0,0.0,0.0,0.0,0.0,0.0
1624,standing wheel rollerout,waist,0.0,0.0,0.0,0.0,0.0,0.0,0.0,0.3,0.0,0.3,0.7,1.0,0.0,0.0,0.0,0.0
1625,stationary bike walk,cardio,0.0,0.0,0.0,0.0,0.0,0.0,0.0,0.0,0.0,0.0,0.0,0.0,0.7,0.3,0.3,0.3
1626,superman push-up,chest,0.8,0.3,0.0,0.0,0.0,0.4,0.0,0.0,0.0,0.0,0.0,0.5,0.0,0.0,0.0,0.0
1627,suspended abdominal fallout,waist,0.0,0.3,0.0,0.0,0.0,0.0,0.0,0.0,0.0,0.0,0.6,1.0,0.2,0.0,0.0,0.0
1628,suspended push-up,chest,0.8,0.3,0.0,0.0,0.0,0.4,0.0,0.0,0.0,0.0,0.0,0.5,0.0,0.0,0.0,0.0
1629,suspended reverse crunch,waist,0.0,0.0,0.0,0.0,0.0,0.0,0.0,0.0,0.0,0.0,1.0,0.4,0.0,0.0,0.0,0.0
1630,suspended row,back,0.0,0.0,0.0,0.4,0.5,0.0,0.0,0.7,0.6,0.0,0.0,0.0,0.0,0.0,0.0,0.0
1631,suspended split squat,upper legs,0.0,0.0,0.0,0.0,0.0,0.0,0.0,0.0,0.0,0.2,0.0,0.5,0.8,0.3,0.6,0.0
1632,trap bar deadlift,upper legs,0.0,0.0,0.0,0.0,0.0,0.0,0.4,0.0,0.0,0.6,0.0,0.6,0.6,0.5,0.6,0.0
1633,triceps dip (bench leg),upper arms,0.15,0.3,0.0,0.0,0.0,0.7,0.0,0.0,0.0,0.0,0.0,0.2,0.0,0.0,0.0,0.0
1634,triceps dip (between benches),upper arms,0.15,0.3,0.0,0.0,0.0,0.7,0.0,0.0,0.0,0.0,0.0,0.2,0.0,0.0,0.0,0.0
1635,triceps dip,upper arms,0.2,0.3,0.0,0.0,0.0,1.0,0.0,0.0,0.0,0.0,0.0,0.2,0.0,0.0,0.0,0.0
1636,triceps dips floor,upper arms,0.2,0.3,0.0,0.0,0.0,1.0,0.0,0.0,0.0,0.0,0.0,0.2,0.0,0.0,0.0,0.0
1637,triceps press,upper arms,0.2,0.0,0.0,0.0,0.0,0.8,0.0,0.0,0.0,0.0,0.0,0.0,0.0,0.0,0.0,0.0
1639,twin handle parallel grip lat pulldown,back,0.0,0.0,0.0,0.0,0.5,0.0,0.0,0.8,0.4,0.0,0.0,0.0,0.0,0.0,0.0,0.0
1640,vertical leg raise (on parallel bars),waist,0.0,0.0,0.0,0.0,0.0,0.0,0.0,0.0,0.0,0.0,0.8,0.3,0.5,0.0,0.0,0.0
1641,weighted bench dip,upper arms,0.15,0.3,0.0,0.0,0.0,0.7,0.0,0.0,0.0,0.0,0.0,0.2,0.0,0.0,0.0,0.0
1642,weighted crunch,waist,0.0,0.0,0.0,0.0,0.0,0.0,0.0,0.0,0.0,0.0,1.0,0.4,0.0,0.0,0.0,0.0
1643,weighted donkey calf raise,lower legs,0.0,0.0,0.0,0.0,0.0,0.0,0.0,0.0,0.0,0.0,0.0,0.0,0.0,0.0,0.0,1.0
1644,weighted front raise,shoulders,0.1,1.0,0.2,0.0,0.0,0.0,0.0,0.0,0.0,0.0,0.0,0.0,0.0,0.0,0.0,0.0
1645,weighted hyperextension (on stability ball),back,0.0,0.0,0.0,0.0,0.0,0.0,0.0,0.0,0.0,0.8,0.0,0.0,0.0,0.4,0.4,0.0
1646,weighted overhead crunch (on stability ball),waist,0.0,0.0,0.0,0.0,0.0,0.0,0.0,0.0,0.0,0.0,1.0,0.4,0.0,0.0,0.0,0.0
1647,weighted pull-up,back,0.0,0.0,0.0,0.0,0.6,0.0,0.0,0.9,0.5,0.0,0.0,0.0,0.0,0.0,0.0,0.0
1648,weighted round arm,shoulders,0.0,0.5,0.3,0.0,0.0,0.0,0.0,0.0,0.0,0.0,0.0,0.0,0.0,0.0,0.0,0.0
1649,weighted russian twist (legs up),waist,0.0,0.0,0.0,0.0,0.0,0.0,0.0,0.0,0.0,0.2,0.7,0.5,0.0,0.0,0.0,0.0
1650,weighted russian twist,waist,0.0,0.0,0.0,0.0,0.0,0.0,0.0,0.0,0.0,0.2,0.7,0.5,0.0,0.0,0.0,0.0
1651,weighted seated bicep curl (on stability ball),upper arms,0.0,0.0,0.0,0.0,1.0,0.0,0.3,0.0,0.0,0.0,0.0,0.0,0.0,0.0,0.0,0.0
1652,weighted seated twist (on stability ball),waist,0.0,0.0,0.0,0.0,0.0,0.0,0.0,0.0,0.0,0.2,0.7,0.5,0.0,0.0,0.0,0.0
1653,weighted side bend (on stability ball),waist,0.0,0.0,0.0,0.0,0.0,0.0,0.0,0.0,0.0,0.3,0.7,0.4,0.0,0.0,0.0,0.0
1654,weighted sissy squat,upper legs,0.0,0.0,0.0,0.0,0.0,0.0,0.0,0.0,0.0,0.2,0.0,0.3,1.0,0.3,0.6,0.0
1655,weighted squat,upper legs,0.0,0.0,0.0,0.0,0.0,0.0,0.0,0.0,0.0,0.2,0.0,0.4,0.9,0.3,0.6,0.0
1656,weighted standing curl,upper arms,0.0,0.0,0.0,0.0,1.0,0.0,0.3,0.0,0.0,0.0,0.0,0.0,0.0,0.0,0.0,0.0
1657,weighted standing hand squeeze,lower arms,0.0,0.0,0.0,0.0,0.0,0.0,1.0,0.0,0.0,0.0,0.0,0.0,0.0,0.0,0.0,0.0
1658,weighted svend press,chest,1.0,0.3,0.0,0.0,0.0,0.3,0.0,0.0,0.0,0.0,0.0,0.0,0.0,0.0,0.0,0.0
1659,wheel rollout,waist,0.0,0.0,0.0,0.0,0.0,0.0,0.0,0.3,0.0,0.3,0.7,1.0,0.0,0.0,0.0,0.0
1660,wind sprints,waist,0.0,0.0,0.0,0.0,0.0,0.0,0.0,0.0,0.0,0.0,0.3,0.5,0.5,0.0,0.0,0.4
1661,wrist rollerer,lower arms,0.0,0.0,0.0,0.0,0.0,0.0,1.0,0.0,0.0,0.0,0.0,0.0,0.0,0.0,0.0,0.0
1662,cable kickback,upper arms,0.0,0.0,0.0,0.2,0.0,0.9,0.0,0.0,0.0,0.0,0.0,0.0,0.0,0.0,0.0,0.0
1663,cable seated row,back,0.0,0.0,0.0,0.4,0.5,0.0,0.0,0.7,0.6,0.15,0.0,0.15,0.0,0.0,0.0,0.0
1664,cable twist (up-down),waist,0.0,0.0,0.0,0.0,0.0,0.0,0.0,0.0,0.0,0.2,0.7,0.5,0.0,0.0,0.0,0.0
1665,dumbbell lying external shoulder rotation,shoulders,0.0,0.5,0.3,0.0,0.0,0.0,0.0,0.0,0.0,0.0,0.0,0.0,0.0,0.0,0.0,0.0
1666,dumbbell upright shoulder external rotation,shoulders,0.0,0.0,0.0,0.4,0.0,0.0,0.0,0.0,0.3,0.0,0.0,0.0,0.0,0.0,0.0,0.0
1667,lying leg-hip raise,waist,0.0,0.0,0.0,0.0,0.0,0.0,0.0,0.0,0.0,0.0,0.6,0.4,0.0,0.3,0.5,0.0
1668,weighted hanging leg-hip raise,waist,0.0,0.0,0.0,0.0,0.0,0.0,0.0,0.0,0.0,0.0,0.6,0.4,0.0,0.3,0.5,0.0
1726,dynamic chest stretch (male),chest,0.1,0.0,0.0,0.0,0.0,0.0,0.0,0.0,0.0,0.0,0.0,0.0,0.0,0.0,0.0,0.0
1669,cable curl,upper arms,0.0,0.0,0.0,0.0,1.0,0.0,0.3,0.0,0.0,0.0,0.0,0.0,0.0,0.0,0.0,0.0
1670,lever shoulder press v. 2,shoulders,0.0,0.8,0.5,0.0,0.0,0.5,0.0,0.0,0.0,0.0,0.0,0.3,0.0,0.0,0.0,0.0
1671,butt-ups,waist,0.0,0.0,0.0,0.0,0.0,0.0,0.0,0.0,0.0,0.0,0.6,0.5,0.0,0.0,0.0,0.0
1672,tuck crunch,waist,0.0,0.0,0.0,0.0,0.0,0.0,0.0,0.0,0.0,0.0,1.0,0.4,0.0,0.0,0.0,0.0
1673,reverse crunch,waist,0.0,0.0,0.0,0.0,0.0,0.0,0.0,0.0,0.0,0.0,1.0,0.4,0.0,0.0,0.0,0.0
1674,cable reverse crunch,waist,0.0,0.0,0.0,0.0,0.0,0.0,0.0,0.0,0.0,0.0,1.0,0.4,0.0,0.0,0.0,0.0
1675,cable standing crunch (with rope attachment),waist,0.0,0.0,0.0,0.0,0.0,0.0,0.0,0.0,0.0,0.0,1.0,0.4,0.0,0.0,0.0,0.0
1676,band alternating biceps curl,upper arms,0.0,0.0,0.0,0.0,1.0,0.0,0.3,0.0,0.0,0.0,0.0,0.0,0.0,0.0,0.0,0.0
1677,band alternating v-up,waist,0.0,0.0,0.0,0.0,0.0,0.0,0.0,0.0,0.0,0.0,1.0,0.4,0.3,0.0,0.0,0.0
1678,band assisted pull-up,back,0.0,0.0,0.0,0.0,0.6,0.0,0.0,0.9,0.5,0.0,0.0,0.0,0.0,0.0,0.0,0.0
1679,band assisted wheel rollerout,waist,0.0,0.0,0.0,0.0,0.0,0.0,0.0,0.3,0.0,0.3,0.7,1.0,0.0,0.0,0.0,0.0
1680,band bicycle crunch,waist,0.0,0.0,0.0,0.0,0.0,0.0,0.0,0.0,0.0,0.0,1.0,0.4,0.0,0.0,0.0,0.0
1681,band close-grip pulldown,back,0.0,0.0,0.0,0.0,0.7,0.0,0.0,0.7,0.4,0.0,0.0,0.0,0.0,0.0,0.0,0.0
1682,band close-grip push-up,upper arms,0.3,0.3,0.0,0.0,0.0,0.9,0.0,0.0,0.0,0.0,0.0,0.0,0.0,0.0,0.0,0.0
1683,band concentration curl,upper arms,0.0,0.0,0.0,0.0,1.0,0.0,0.1,0.0,0.0,0.0,0.0,0.0,0.0,0.0,0.0,0.0
1684,band front lateral raise,shoulders,0.0,0.2,1.0,0.0,0.0,0.0,0.0,0.0,0.0,0.0,0.0,0.0,0.0,0.0,0.0,0.0
1685,band front raise,shoulders,0.1,1.0,0.2,0.0,0.0,0.0,0.0,0.0,0.0,0.0,0.0,0.0,0.0,0.0,0.0,0.0
1686,band horizontal pallof press,waist,0.0,0.0,0.0,0.0,0.0,0.0,0.0,0.0,0.0,0.0,0.5,1.0,0.0,0.0,0.0,0.0
1687,band bent-over hip extension,upper legs,0.0,0.0,0.0,0.0,0.0,0.0,0.0,0.0,0.0,0.2,0.0,0.0,0.0,0.5,0.8,0.0
1688,band jack knife sit-up,waist,0.0,0.0,0.0,0.0,0.0,0.0,0.0,0.0,0.0,0.0,1.0,0.5,0.3,0.0,0.0,0.0
1689,band kneeling one arm pulldown,back,0.0,0.0,0.0,0.0,0.5,0.0,0.0,0.8,0.4,0.0,0.0,0.0,0.0,0.0,0.0,0.0
1690,band lying hip internal rotation,upper legs,0.0,0.0,0.0,0.0,0.0,0.0,0.0,0.0,0.0,0.0,0.0,0.0,0.5,0.2,0.4,0.0
1691,band kneeling twisting crunch,waist,0.0,0.0,0.0,0.0,0.0,0.0,0.0,0.0,0.0,0.0,1.0,0.4,0.0,0.0,0.0,0.0
1692,band one arm overhead biceps curl,upper arms,0.0,0.0,0.0,0.0,1.0,0.0,0.3,0.0,0.0,0.0,0.0,0.0,0.0,0.0,0.0,0.0
1693,band one arm single leg split squat,upper legs,0.0,0.0,0.0,0.0,0.0,0.0,0.0,0.0,0.0,0.2,0.0,0.5,0.8,0.3,0.6,0.0
1694,band one arm standing low row,back,0.0,0.0,0.0,0.4,0.5,0.0,0.0,0.7,0.6,0.0,0.0,0.4,0.0,0.0,0.0,0.0
1695,band one arm twisting chest press,chest,1.0,0.3,0.0,0.0,0.0,0.3,0.0,0.0,0.0,0.0,0.0,0.0,0.0,0.0,0.0,0.0
1696,band one arm twisting seated row,back,0.0,0.0,0.0,0.4,0.5,0.0,0.0,0.7,0.6,0.15,0.0,0.4,0.0,0.0,0.0,0.0
1697,band pull through,upper legs,0.0,0.0,0.0,0.0,0.0,0.0,0.0,0.0,0.0,0.0,0.0,0.0,0.5,0.2,0.4,0.0
1698,band push sit-up,waist,0.0,0.0,0.0,0.0,0.0,0.0,0.0,0.0,0.0,0.0,1.0,0.5,0.3,0.0,0.0,0.0
1699,band reverse fly,shoulders,0.0,0.0,0.0,0.9,0.0,0.0,0.0,0.0,0.3,0.0,0.0,0.0,0.0,0.0,0.0,0.0
1700,band reverse wrist curl,lower arms,0.0,0.0,0.0,0.0,0.0,0.0,0.9,0.0,0.0,0.0,0.0,0.0,0.0,0.0,0.0,0.0
1701,band seated hip internal rotation,upper legs,0.0,0.0,0.0,0.0,0.0,0.0,0.0,0.0,0.0,0.0,0.0,0.0,0.5,0.2,0.4,0.0
1702,band shoulder press,shoulders,0.0,0.8,0.5,0.0,0.0,0.5,0.0,0.0,0.0,0.0,0.0,0.3,0.0,0.0,0.0,0.0
1703,band side triceps extension,upper arms,0.0,0.0,0.0,0.0,0.0,1.0,0.0,0.0,0.0,0.0,0.0,0.0,0.0,0.0,0.0,0.0
1704,band single leg calf raise,lower legs,0.0,0.0,0.0,0.0,0.0,0.0,0.0,0.0,0.0,0.0,0.0,0.0,0.0,0.0,0.0,1.0
1705,band single leg reverse calf raise,lower legs,0.0,0.0,0.0,0.0,0.0,0.0,0.0,0.0,0.0,0.0,0.0,0.0,0.0,0.0,0.0,1.0
1706,band single leg split squat,upper legs,0.0,0.0,0.0,0.0,0.0,0.0,0.0,0.0,0.0,0.2,0.0,0.5,0.8,0.3,0.6,0.0
1707,band lying straight leg raise,waist,0.0,0.0,0.0,0.0,0.0,0.0,0.0,0.0,0.0,0.0,0.8,0.3,0.5,0.0,0.0,0.0
1708,band squat row,upper legs,0.0,0.0,0.0,0.0,0.0,0.0,0.0,0.0,0.0,0.2,0.0,0.4,0.9,0.3,0.6,0.0
1709,band squat,upper legs,0.0,0.0,0.0,0.0,0.0,0.0,0.0,0.0,0.0,0.2,0.0,0.4,0.9,0.3,0.6,0.0
1710,band standing crunch,waist,0.0,0.0,0.0,0.0,0.0,0.0,0.0,0.0,0.0,0.0,1.0,0.4,0.0,0.0,0.0,0.0
1711,band standing twisting crunch,waist,0.0,0.0,0.0,0.0,0.0,0.0,0.0,0.0,0.0,0.0,1.0,0.4,0.0,0.0,0.0,0.0
1712,band step-up,upper legs,0.0,0.0,0.0,0.0,0.0,0.0,0.0,0.0,0.0,0.0,0.0,0.3,0.8,0.2,0.7,0.2
1713,band stiff leg deadlift,upper legs,0.0,0.0,0.0,0.0,0.0,0.0,0.4,0.0,0.0,0.5,0.0,0.6,0.1,0.9,0.5,0.0
1714,band straight leg deadlift,back,0.0,0.0,0.0,0.0,0.0,0.0,0.5,0.3,0.3,0.5,0.0,0.6,0.1,0.9,0.5,0.0
1715,band seated twist,waist,0.0,0.0,0.0,0.0,0.0,0.0,0.0,0.0,0.0,0.2,0.7,0.5,0.0,0.0,0.0,0.0
1716,band twisting overhead press,shoulders,0.0,0.8,0.5,0.0,0.0,0.5,0.0,0.0,0.0,0.0,0.0,0.3,0.0,0.0,0.0,0.0
1717,band underhand pulldown,back,0.0,0.0,0.0,0.0,0.7,0.0,0.0,0.7,0.4,0.0,0.0,0.0,0.0,0.0,0.0,0.0
1718,band v-up,waist,0.0,0.0,0.0,0.0,0.0,0.0,0.0,0.0,0.0,0.0,1.0,0.4,0.3,0.0,0.0,0.0
1719,band vertical pallof press,waist,0.0,0.0,0.0,0.0,0.0,0.0,0.0,0.0,0.0,0.0,0.5,1.0,0.0,0.0,0.0,0.0
1720,band wrist curl,lower arms,0.0,0.0,0.0,0.0,0.0,0.0,1.0,0.0,0.0,0.0,0.0,0.0,0.0,0.0,0.0,0.0
1721,band y-raise,shoulders,0.0,0.5,0.5,0.0,0.0,0.0,0.0,0.0,0.3,0.0,0.0,0.0,0.0,0.0,0.0,0.0
1722,band shrug,back,0.0,0.0,0.0,0.0,0.0,0.0,0.3,0.0,0.6,0.0,0.0,0.0,0.0,0.0,0.0,0.0
1723,band standing rear delt row,shoulders,0.0,0.0,0.0,0.9,0.0,0.0,0.0,0.0,0.3,0.0,0.0,0.0,0.0,0.0,0.0,0.0
1724,band straight back stiff leg deadlift,upper legs,0.0,0.0,0.0,0.0,0.0,0.0,0.4,0.0,0.0,0.5,0.0,0.6,0.1,0.9,0.5,0.0
1725,burpee,cardio,0.3,0.0,0.0,0.0,0.0,0.2,0.0,0.0,0.0,0.0,0.3,0.5,0.5,0.0,0.3,0.3
1727,dumbbell burpee,cardio,0.3,0.0,0.0,0.0,0.0,0.2,0.0,0.0,0.0,0.0,0.3,0.5,0.5,0.0,0.3,0.3
1728,lever donkey calf raise,lower legs,0.0,0.0,0.0,0.0,0.0,0.0,0.0,0.0,0.0,0.0,0.0,0.0,0.0,0.0,0.0,1.0
1729,band bench press,chest,1.0,0.3,0.0,0.0,0.0,0.3,0.0,0.0,0.0,0.0,0.0,0.0,0.0,0.0,0.0,0.0
1730,barbell decline pullover,chest,0.5,0.0,0.0,0.0,0.0,0.2,0.0,0.6,0.0,0.0,0.0,0.0,0.0,0.0,0.0,0.0
1731,barbell reverse grip decline bench press,chest,0.8,0.15,0.0,0.0,0.3,0.5,0.0,0.0,0.0,0.0,0.0,0.0,0.0,0.0,0.0,0.0
1732,barbell reverse grip incline bench press,chest,0.8,0.5,0.0,0.0,0.3,0.5,0.0,0.0,0.0,0.0,0.0,0.0,0.0,0.0,0.0,0.0
1733,barbell wide reverse grip bench press,chest,0.8,0.2,0.0,0.0,0.3,0.5,0.0,0.0,0.0,0.0,0.0,0.0,0.0,0.0,0.0,0.0
1734,behind head chest stretch,chest,0.1,0.0,0.0,0.0,0.0,0.0,0.0,0.0,0.0,0.0,0.0,0.0,0.0,0.0,0.0,0.0
1735,cable decline one arm press,chest,0.8,0.3,0.0,0.0,0.0,0.3,0.0,0.0,0.0,0.0,0.0,0.0,0.0,0.0,0.0,0.0
1736,cable decline press,chest,0.8,0.3,0.0,0.0,0.0,0.3,0.0,0.0,0.0,0.0,0.0,0.0,0.0,0.0,0.0,0.0
1737,cable one arm decline chest fly,chest,1.0,0.15,0.0,0.0,0.0,0.0,0.0,0.0,0.0,0.0,0.0,0.0,0.0,0.0,0.0,0.0
1738,cable one arm fly on exercise ball,chest,1.0,0.3,0.0,0.0,0.0,0.0,0.0,0.0,0.0,0.0,0.0,0.0,0.0,0.0,0.0,0.0
1739,cable one arm incline fly on exercise ball,chest,0.9,0.4,0.0,0.0,0.0,0.0,0.0,0.0,0.0,0.0,0.0,0.0,0.0,0.0,0.0,0.0
1740,cable one arm incline press,chest,0.8,0.3,0.0,0.0,0.0,0.3,0.0,0.0,0.0,0.0,0.0,0.0,0.0,0.0,0.0,0.0
1741,cable one arm incline press on exercise ball,chest,0.8,0.3,0.0,0.0,0.0,0.3,0.0,0.0,0.0,0.0,0.0,0.0,0.0,0.0,0.0,0.0
1742,cable one arm press on exercise ball,chest,0.8,0.3,0.0,0.0,0.0,0.3,0.0,0.0,0.0,0.0,0.0,0.0,0.0,0.0,0.0,0.0
1743,cable press on exercise ball,chest,0.8,0.3,0.0,0.0,0.0,0.3,0.0,0.0,0.0,0.0,0.0,0.0,0.0,0.0,0.0,0.0
1744,cable standing up straight crossovers,chest,1.0,0.3,0.0,0.0,0.0,0.0,0.0,0.0,0.0,0.0,0.0,0.0,0.0,0.0,0.0,0.0
1745,cable upper chest crossovers,chest,1.0,0.3,0.0,0.0,0.0,0.0,0.0,0.0,0.0,0.0,0.0,0.0,0.0,0.0,0.0,0.0
1746,chest and front of shoulder stretch,chest,0.1,0.0,0.0,0.0,0.0,0.0,0.0,0.0,0.0,0.0,0.0,0.0,0.0,0.0,0.0,0.0
1747,chest stretch with exercise ball,chest,0.1,0.0,0.0,0.0,0.0,0.0,0.0,0.0,0.0,0.0,0.0,0.0,0.0,0.0,0.0,0.0
1748,clap push up,chest,0.8,0.3,0.0,0.0,0.0,0.4,0.0,0.0,0.0,0.0,0.0,0.5,0.0,0.0,0.0,0.0
1749,deep push up,chest,0.8,0.3,0.0,0.0,0.0,0.4,0.0,0.0,0.0,0.0,0.0,0.5,0.0,0.0,0.0,0.0
1750,drop push up,chest,0.8,0.3,0.0,0.0,0.0,0.4,0.0,0.0,0.0,0.0,0.0,0.5,0.0,0.0,0.0,0.0
1751,dumbbell decline one arm fly,chest,1.0,0.15,0.0,0.0,0.0,0.0,0.0,0.0,0.0,0.0,0.0,0.0,0.0,0.0,0.0,0.0
1752,dumbbell fly on exercise ball,chest,1.0,0.3,0.0,0.0,0.0,0.0,0.0,0.0,0.0,0.0,0.0,0.0,0.0,0.0,0.0,0.0
1753,dumbbell incline fly on exercise ball,chest,0.9,0.4,0.0,0.0,0.0,0.0,0.0,0.0,0.0,0.0,0.0,0.0,0.0,0.0,0.0,0.0
1754,dumbbell incline one arm fly,chest,0.9,0.4,0.0,0.0,0.0,0.0,0.0,0.0,0.0,0.0,0.0,0.0,0.0,0.0,0.0,0.0
1838,wide grip rear pull-up,back,0.0,0.0,0.0,0.0,0.7,0.0,0.0,0.8,0.3,0.0,0.0,0.0,0.0,0.0,0.0,0.0
1755,dumbbell incline one arm fly on exercise ball,chest,0.9,0.4,0.0,0.0,0.0,0.0,0.0,0.0,0.0,0.0,0.0,0.0,0.0,0.0,0.0,0.0
1756,dumbbell incline one arm press,chest,0.8,0.3,0.0,0.0,0.0,0.3,0.0,0.0,0.0,0.0,0.0,0.0,0.0,0.0,0.0,0.0
1757,dumbbell incline one arm press on exercise ball,chest,0.8,0.3,0.0,0.0,0.0,0.3,0.0,0.0,0.0,0.0,0.0,0.0,0.0,0.0,0.0,0.0
1758,dumbbell incline press on exercise ball,chest,0.8,0.3,0.0,0.0,0.0,0.3,0.0,0.0,0.0,0.0,0.0,0.0,0.0,0.0,0.0,0.0
1759,dumbbell lying pullover on exercise ball,chest,0.5,0.0,0.0,0.0,0.0,0.2,0.0,0.6,0.0,0.0,0.0,0.0,0.0,0.0,0.0,0.0
1760,dumbbell one arm bench fly,chest,1.0,0.3,0.0,0.0,0.0,0.0,0.0,0.0,0.0,0.0,0.0,0.0,0.0,0.0,0.0,0.0
1761,dumbbell one arm chest fly on exercise ball,chest,1.0,0.3,0.0,0.0,0.0,0.0,0.0,0.0,0.0,0.0,0.0,0.0,0.0,0.0,0.0,0.0
1762,dumbbell one arm decline chest press,chest,1.0,0.3,0.0,0.0,0.0,0.3,0.0,0.0,0.0,0.0,0.0,0.0,0.0,0.0,0.0,0.0
1763,dumbbell one arm fly on exercise ball,chest,1.0,0.3,0.0,0.0,0.0,0.0,0.0,0.0,0.0,0.0,0.0,0.0,0.0,0.0,0.0,0.0
1764,dumbbell one arm incline chest press,chest,1.0,0.3,0.0,0.0,0.0,0.3,0.0,0.0,0.0,0.0,0.0,0.0,0.0,0.0,0.0,0.0
1765,dumbbell one arm press on exercise ball,chest,0.8,0.3,0.0,0.0,0.0,0.3,0.0,0.0,0.0,0.0,0.0,0.0,0.0,0.0,0.0,0.0
1766,dumbbell one arm pullover on exercise ball,chest,0.5,0.0,0.0,0.0,0.0,0.2,0.0,0.6,0.0,0.0,0.0,0.0,0.0,0.0,0.0,0.0
1767,dumbbell one leg fly on exercise ball,chest,1.0,0.3,0.0,0.0,0.0,0.0,0.0,0.0,0.0,0.0,0.0,0.0,0.0,0.0,0.0,0.0
1839,ankle circles,lower legs,0.0,0.0,0.0,0.0,0.0,0.0,0.0,0.0,0.0,0.0,0.0,0.0,0.0,0.0,0.0,0.1
1768,dumbbell press on exercise ball,chest,0.8,0.3,0.0,0.0,0.0,0.3,0.0,0.0,0.0,0.0,0.0,0.0,0.0,0.0,0.0,0.0
1769,dumbbell pullover hip extension on exercise ball,chest,0.5,0.0,0.0,0.0,0.0,0.2,0.0,0.6,0.0,0.0,0.0,0.0,0.0,0.0,0.0,0.0
1770,dumbbell pullover on exercise ball,chest,0.5,0.0,0.0,0.0,0.0,0.2,0.0,0.6,0.0,0.0,0.0,0.0,0.0,0.0,0.0,0.0
1771,exercise ball pike push up,chest,0.8,0.3,0.0,0.0,0.0,0.4,0.0,0.0,0.0,0.0,0.0,0.5,0.0,0.0,0.0,0.0
1772,isometric chest squeeze,chest,0.8,0.0,0.0,0.0,0.0,0.3,0.0,0.0,0.0,0.0,0.0,0.3,0.0,0.0,0.0,0.0
1773,kettlebell one arm floor press,chest,0.8,0.2,0.0,0.0,0.0,0.5,0.0,0.0,0.0,0.0,0.0,0.0,0.0,0.0,0.0,0.0
1774,lever incline chest press,chest,1.0,0.3,0.0,0.0,0.0,0.3,0.0,0.0,0.0,0.0,0.0,0.0,0.0,0.0,0.0,0.0
1775,lever decline chest press,chest,1.0,0.3,0.0,0.0,0.0,0.3,0.0,0.0,0.0,0.0,0.0,0.0,0.0,0.0,0.0,0.0
1776,machine inner chest press,chest,1.0,0.3,0.0,0.0,0.0,0.3,0.0,0.0,0.0,0.0,0.0,0.0,0.0,0.0,0.0,0.0
1777,medicine ball chest pass,chest,0.8,0.3,0.0,0.0,0.0,0.4,0.0,0.0,0.0,0.0,0.0,0.4,0.0,0.0,0.0,0.0
1778,medicine ball chest push from 3 point stance,chest,0.8,0.3,0.0,0.0,0.0,0.4,0.0,0.0,0.0,0.0,0.0,0.4,0.0,0.0,0.0,0.0
1779,medicine ball chest push multiple response,chest,0.8,0.3,0.0,0.0,0.0,0.4,0.0,0.0,0.0,0.0,0.0,0.4,0.0,0.0,0.0,0.0
1780,medicine ball chest push single response,chest,0.8,0.3,0.0,0.0,0.0,0.4,0.0,0.0,0.0,0.0,0.0,0.4,0.0,0.0,0.0,0.0
1781,plyo push up,chest,0.8,0.3,0.0,0.0,0.0,0.4,0.0,0.0,0.0,0.0,0.0,0.5,0.0,0.0,0.0,0.0
1782,push up on bosu ball,chest,0.8,0.3,0.0,0.0,0.0,0.4,0.0,0.0,0.0,0.0,0.0,0.5,0.0,0.0,0.0,0.0
1783,smith wide grip bench press,chest,1.0,0.2,0.0,0.0,0.0,0.2,0.0,0.0,0.0,0.0,0.0,0.0,0.0,0.0,0.0,0.0
1784,smith wide grip decline bench press,chest,1.0,0.2,0.0,0.0,0.0,0.2,0.0,0.0,0.0,0.0,0.0,0.0,0.0,0.0,0.0,0.0
1785,weighted drop push up,chest,0.8,0.3,0.0,0.0,0.0,0.4,0.0,0.0,0.0,0.0,0.0,0.5,0.0,0.0,0.0,0.0
1786,wide hand push up,chest,0.8,0.3,0.0,0.0,0.0,0.4,0.0,0.0,0.0,0.0,0.0,0.5,0.0,0.0,0.0,0.0
1787,medicine ball chest push with run release,chest,0.8,0.3,0.0,0.0,0.0,0.4,0.0,0.0,0.0,0.0,0.0,0.4,0.0,0.0,0.0,0.0
1788,lever unilateral row,back,0.0,0.0,0.0,0.4,0.5,0.0,0.0,0.7,0.6,0.0,0.0,0.0,0.0,0.0,0.0,0.0
1789,back extension on exercise ball,back,0.0,0.0,0.0,0.0,0.0,0.0,0.0,0.0,0.0,0.8,0.0,0.0,0.0,0.4,0.4,0.0
1790,barbell bent arm pullover,back,0.0,0.0,0.0,0.0,0.0,0.3,0.0,0.7,0.3,0.0,0.0,0.0,0.0,0.0,0.0,0.0
1791,barbell reverse grip incline bench row,back,0.0,0.0,0.0,0.4,0.6,0.0,0.0,0.7,0.6,0.0,0.0,0.0,0.0,0.0,0.0,0.0
1792,cable incline bench row,back,0.0,0.0,0.0,0.4,0.5,0.0,0.0,0.7,0.6,0.15,0.0,0.15,0.0,0.0,0.0,0.0
1793,cable palm rotational row,back,0.0,0.0,0.0,0.4,0.5,0.0,0.0,0.7,0.6,0.15,0.0,0.15,0.0,0.0,0.0,0.0
1794,cable rope crossover seated row,back,0.0,0.0,0.0,0.4,0.5,0.0,0.0,0.7,0.6,0.15,0.0,0.15,0.0,0.0,0.0,0.0
1795,cable rope elevated seated row,back,0.0,0.0,0.0,0.4,0.5,0.0,0.0,0.7,0.6,0.15,0.0,0.15,0.0,0.0,0.0,0.0
1840,band two legs calf raise - (band under both legs) v. 2,lower legs,0.0,0.0,0.0,0.0,0.0,0.0,0.0,0.0,0.0,0.0,0.0,0.0,0.0,0.0,0.0,1.0
1796,cable rope extension incline bench row,back,0.0,0.0,0.0,0.4,0.5,0.0,0.0,0.7,0.6,0.15,0.0,0.15,0.0,0.0,0.0,0.0
1797,cable rope seated row,back,0.0,0.0,0.0,0.4,0.5,0.0,0.0,0.7,0.6,0.15,0.0,0.15,0.0,0.0,0.0,0.0
1798,cable upper row,back,0.0,0.0,0.0,0.4,0.5,0.0,0.0,0.7,0.6,0.15,0.0,0.15,0.0,0.0,0.0,0.0
1799,cable wide grip rear pulldown behind neck,back,0.0,0.0,0.0,0.4,0.3,0.0,0.0,0.9,0.5,0.0,0.0,0.0,0.0,0.0,0.0,0.0
1800,chin-up,back,0.0,0.0,0.0,0.0,0.8,0.0,0.0,0.7,0.5,0.0,0.0,0.0,0.0,0.0,0.0,0.0
1801,close grip chin-up,back,0.0,0.0,0.0,0.0,0.7,0.0,0.0,0.6,0.6,0.0,0.0,0.0,0.0,0.0,0.0,0.0
1802,dumbbell lying rear delt row,back,0.0,0.0,0.0,0.4,0.5,0.0,0.0,0.7,0.6,0.0,0.0,0.0,0.0,0.0,0.0,0.0
1803,dumbbell palm rotational bent over row,back,0.0,0.0,0.0,0.4,0.5,0.0,0.0,0.7,0.6,0.4,0.0,0.3,0.0,0.0,0.0,0.0
1804,dumbbell reverse grip incline bench one arm row,back,0.0,0.0,0.0,0.4,0.6,0.0,0.0,0.7,0.6,0.0,0.0,0.4,0.0,0.0,0.0,0.0
1805,dumbbell reverse grip incline bench two arm row,back,0.0,0.0,0.0,0.4,0.6,0.0,0.0,0.7,0.6,0.0,0.0,0.0,0.0,0.0,0.0,0.0
1806,exercise ball alternating arm ups,back,0.0,0.0,0.0,0.0,0.3,0.0,0.0,0.5,0.4,0.0,0.0,0.0,0.0,0.0,0.0,0.0
1807,exercise ball back extension with arms extended,back,0.0,0.0,0.0,0.0,0.0,0.0,0.0,0.0,0.0,0.8,0.0,0.0,0.0,0.4,0.4,0.0
1808,exercise ball back extension with hands behind head,back,0.0,0.0,0.0,0.0,0.0,0.0,0.0,0.0,0.0,0.8,0.0,0.0,0.0,0.4,0.4,0.0
1809,exercise ball back extension with knees off ground,back,0.0,0.0,0.0,0.0,0.0,0.0,0.0,0.0,0.0,0.8,0.0,0.0,0.0,0.4,0.4,0.0
1810,exercise ball back extension with rotation,back,0.0,0.0,0.0,0.0,0.0,0.0,0.0,0.0,0.0,0.8,0.0,0.0,0.0,0.4,0.4,0.0
1811,exercise ball hug,back,0.0,0.0,0.0,0.0,0.3,0.0,0.0,0.5,0.4,0.0,0.0,0.0,0.0,0.0,0.0,0.0
1812,exercise ball lat stretch,back,0.0,0.0,0.0,0.0,0.0,0.0,0.0,0.1,0.0,0.0,0.0,0.0,0.0,0.0,0.0,0.0
1813,exercise ball lower back stretch (pyramid),back,0.0,0.0,0.0,0.0,0.0,0.0,0.0,0.0,0.0,0.1,0.0,0.0,0.0,0.0,0.0,0.0
1814,exercise ball lying side lat stretch,back,0.0,0.0,0.0,0.0,0.0,0.0,0.0,0.1,0.0,0.0,0.0,0.0,0.0,0.0,0.0,0.0
1815,exercise ball prone leg raise,back,0.0,0.0,0.0,0.0,0.3,0.0,0.0,0.5,0.4,0.0,0.0,0.0,0.0,0.0,0.0,0.0
1816,ez bar reverse grip bent over row,back,0.0,0.0,0.0,0.4,0.6,0.0,0.0,0.7,0.6,0.4,0.0,0.3,0.0,0.0,0.0,0.0
1817,kettlebell two arm row,back,0.0,0.0,0.0,0.4,0.5,0.0,0.0,0.7,0.6,0.0,0.0,0.0,0.0,0.0,0.0,0.0
1818,kneeling lat stretch,back,0.0,0.0,0.0,0.0,0.0,0.0,0.0,0.1,0.0,0.0,0.0,0.0,0.0,0.0,0.0,0.0
1819,lever one arm lateral wide pulldown,back,0.0,0.0,0.0,0.2,0.1,0.3,0.0,0.7,0.4,0.0,0.0,0.0,0.0,0.0,0.0,0.0
1820,lever reverse grip vertical row,back,0.0,0.0,0.0,0.4,0.6,0.0,0.0,0.7,0.6,0.0,0.0,0.0,0.0,0.0,0.0,0.0
1821,lever reverse t-bar row,back,0.0,0.0,0.0,0.4,0.5,0.0,0.0,0.7,0.6,0.5,0.0,0.0,0.0,0.0,0.0,0.0
1822,lever seated row,back,0.0,0.0,0.0,0.4,0.5,0.0,0.0,0.7,0.6,0.15,0.0,0.15,0.0,0.0,0.0,0.0
1823,lever t-bar reverse grip row,back,0.0,0.0,0.0,0.4,0.6,0.0,0.0,0.7,0.6,0.5,0.0,0.0,0.0,0.0,0.0,0.0
1824,lower back curl,back,0.0,0.0,0.0,0.0,0.3,0.0,0.0,0.5,0.4,0.0,0.0,0.0,0.0,0.0,0.0,0.0
1825,medicine ball catch and overhead throw,back,0.0,0.0,0.0,0.4,0.5,0.0,0.0,0.7,0.6,0.0,0.0,0.0,0.0,0.0,0.0,0.0
1826,medicine ball overhead slam,back,0.0,0.5,0.0,0.0,0.0,0.0,0.0,0.4,0.0,0.0,0.4,0.6,0.3,0.0,0.0,0.0
1827,one arm against wall,back,0.0,0.0,0.0,0.0,0.3,0.0,0.0,0.5,0.4,0.0,0.0,0.0,0.0,0.0,0.0,0.0
1828,lever one arm lateral high row,back,0.0,0.0,0.0,0.5,0.5,0.0,0.0,0.5,0.7,0.0,0.0,0.4,0.0,0.0,0.0,0.0
1829,side lying floor stretch,back,0.0,0.0,0.0,0.0,0.0,0.0,0.0,0.1,0.0,0.0,0.1,0.0,0.0,0.0,0.0,0.0
1830,smith bent over row,back,0.0,0.0,0.0,0.4,0.5,0.0,0.0,0.7,0.6,0.4,0.0,0.3,0.0,0.0,0.0,0.0
1831,smith one arm row,back,0.0,0.0,0.0,0.4,0.5,0.0,0.0,0.7,0.6,0.0,0.0,0.4,0.0,0.0,0.0,0.0
1832,smith reverse grip bent over row,back,0.0,0.0,0.0,0.4,0.6,0.0,0.0,0.7,0.6,0.4,0.0,0.3,0.0,0.0,0.0,0.0
1833,sphinx,back,0.0,0.0,0.0,0.0,0.0,0.0,0.0,0.0,0.0,0.4,0.0,0.3,0.0,0.0,0.0,0.0
1834,spine stretch,back,0.0,0.0,0.0,0.0,0.0,0.0,0.0,0.0,0.0,0.1,0.0,0.0,0.0,0.0,0.0,0.0
1835,standing pelvic tilt,back,0.0,0.0,0.0,0.0,0.0,0.0,0.0,0.0,0.0,0.2,0.0,0.3,0.0,0.0,0.0,0.0
1836,upper back stretch,back,0.0,0.0,0.0,0.0,0.0,0.0,0.0,0.0,0.1,0.0,0.0,0.0,0.0,0.0,0.0,0.0
1837,upward facing dog,back,0.0,0.0,0.0,0.0,0.0,0.0,0.0,0.0,0.0,0.4,0.0,0.3,0.0,0.0,0.0,0.0
1841,barbell floor calf raise,lower legs,0.0,0.0,0.0,0.0,0.0,0.0,0.0,0.0,0.0,0.0,0.0,0.0,0.0,0.0,0.0,1.0
1842,barbell seated calf raise,lower legs,0.0,0.0,0.0,0.0,0.0,0.0,0.0,0.0,0.0,0.0,0.0,0.0,0.0,0.0,0.0,1.0
1843,barbell standing calf raise,lower legs,0.0,0.0,0.0,0.0,0.0,0.0,0.0,0.0,0.0,0.0,0.0,0.0,0.0,0.0,0.0,1.0
1844,bodyweight standing calf raise,lower legs,0.0,0.0,0.0,0.0,0.0,0.0,0.0,0.0,0.0,0.0,0.0,0.0,0.0,0.0,0.0,1.0
1845,box jump down with one leg stabilization,lower legs,0.0,0.0,0.0,0.0,0.0,0.0,0.0,0.0,0.0,0.0,0.0,0.0,0.5,0.0,0.3,0.6
1846,cable standing calf raise,lower legs,0.0,0.0,0.0,0.0,0.0,0.0,0.0,0.0,0.0,0.0,0.0,0.0,0.0,0.0,0.0,1.0
1847,cable standing one leg calf raise,lower legs,0.0,0.0,0.0,0.0,0.0,0.0,0.0,0.0,0.0,0.0,0.0,0.0,0.0,0.0,0.0,1.0
1848,calf stretch with hands against wall,lower legs,0.05,0.05,0.05,0.05,0.05,0.05,0.05,0.05,0.05,0.05,0.05,0.05,0.05,0.05,0.05,0.1
1849,calf stretch with rope,lower legs,0.05,0.05,0.05,0.05,0.05,0.05,0.05,0.05,0.05,0.05,0.05,0.05,0.05,0.05,0.05,0.1
1850,dumbbell seated calf raise,lower legs,0.0,0.0,0.0,0.0,0.0,0.0,0.0,0.0,0.0,0.0,0.0,0.0,0.0,0.0,0.0,1.0
1851,dumbbell seated one leg calf raise - hammer grip,lower legs,0.0,0.0,0.0,0.0,0.0,0.0,0.0,0.0,0.0,0.0,0.0,0.0,0.0,0.0,0.0,1.0
1852,dumbbell seated one leg calf raise - palm up,lower legs,0.0,0.0,0.0,0.0,0.0,0.0,0.0,0.0,0.0,0.0,0.0,0.0,0.0,0.0,0.0,1.0
1853,exercise ball on the wall calf raise,lower legs,0.0,0.0,0.0,0.0,0.0,0.0,0.0,0.0,0.0,0.0,0.0,0.0,0.0,0.0,0.0,1.0
1854,hack calf raise,lower legs,0.0,0.0,0.0,0.0,0.0,0.0,0.0,0.0,0.0,0.0,0.0,0.0,0.0,0.0,0.0,1.0
1855,hack one leg calf raise,lower legs,0.0,0.0,0.0,0.0,0.0,0.0,0.0,0.0,0.0,0.0,0.0,0.0,0.0,0.0,0.0,1.0
1856,lever seated squat calf raise on leg press machine,lower legs,0.0,0.0,0.0,0.0,0.0,0.0,0.0,0.0,0.0,0.0,0.0,0.0,0.0,0.0,0.0,1.0
1857,one leg donkey calf raise,lower legs,0.0,0.0,0.0,0.0,0.0,0.0,0.0,0.0,0.0,0.0,0.0,0.0,0.0,0.0,0.0,1.0
1858,one leg floor calf raise,lower legs,0.0,0.0,0.0,0.0,0.0,0.0,0.0,0.0,0.0,0.0,0.0,0.0,0.0,0.0,0.0,1.0
1859,peroneals stretch,lower legs,0.05,0.05,0.05,0.05,0.05,0.05,0.05,0.05,0.05,0.05,0.05,0.05,0.05,0.05,0.05,0.1
1860,posterior tibialis stretch,lower legs,0.05,0.05,0.05,0.05,0.05,0.05,0.05,0.05,0.05,0.05,0.05,0.05,0.05,0.05,0.05,0.1
1861,seated calf stretch (male),lower legs,0.05,0.05,0.05,0.05,0.05,0.05,0.05,0.05,0.05,0.05,0.05,0.05,0.05,0.05,0.05,0.1
1862,sled calf press on leg press,lower legs,0.0,0.0,0.0,0.0,0.0,0.0,0.0,0.0,0.0,0.0,0.0,0.0,0.0,0.0,0.0,1.0
1863,sled one leg calf press on leg press,lower legs,0.0,0.0,0.0,0.0,0.0,0.0,0.0,0.0,0.0,0.0,0.0,0.0,0.0,0.0,0.0,1.0
1864,smith one leg floor calf raise,lower legs,0.0,0.0,0.0,0.0,0.0,0.0,0.0,0.0,0.0,0.0,0.0,0.0,0.0,0.0,0.0,1.0
1865,smith reverse calf raises,lower legs,0.0,0.0,0.0,0.0,0.0,0.0,0.0,0.0,0.0,0.0,0.0,0.0,0.0,0.0,0.0,1.0
1866,smith seated one leg calf raise,lower legs,0.0,0.0,0.0,0.0,0.0,0.0,0.0,0.0,0.0,0.0,0.0,0.0,0.0,0.0,0.0,1.0
1867,smith toe raise,lower legs,0.0,0.0,0.0,0.0,0.0,0.0,0.0,0.0,0.0,0.0,0.0,0.0,0.0,0.0,0.0,1.0
1868,standing calves,lower legs,0.0,0.0,0.0,0.0,0.0,0.0,0.0,0.0,0.0,0.0,0.0,0.0,0.0,0.0,0.0,0.7
1869,standing calves calf stretch,lower legs,0.05,0.05,0.05,0.05,0.05,0.05,0.05,0.05,0.05,0.05,0.05,0.05,0.05,0.05,0.05,0.1
1870,bench dip on floor,upper arms,0.15,0.3,0.0,0.0,0.0,0.7,0.0,0.0,0.0,0.0,0.0,0.2,0.0,0.0,0.0,0.0
1871,muscle-up (on vertical bar),back,0.0,0.0,0.0,0.0,0.3,0.0,0.0,0.5,0.4,0.0,0.0,0.0,0.0,0.0,0.0,0.0
1872,neck side stretch,neck,0.0,0.0,0.0,0.0,0.0,0.0,0.0,0.0,0.0,0.0,0.0,0.0,0.0,0.0,0.0,0.0
1873,back pec stretch,back,0.1,0.0,0.0,0.0,0.0,0.0,0.0,0.0,0.0,0.0,0.0,0.0,0.0,0.0,0.0,0.0
1874,calf push stretch with hands against wall,lower legs,0.05,0.05,0.05,0.05,0.05,0.05,0.05,0.05,0.05,0.05,0.05,0.05,0.05,0.05,0.05,0.1
1875,band hip lift,upper legs,0.0,0.0,0.0,0.0,0.0,0.0,0.0,0.0,0.0,0.0,0.0,0.0,0.0,0.3,0.8,0.0
1876,barbell glute bridge,upper legs,0.0,0.0,0.0,0.0,0.0,0.0,0.0,0.0,0.0,0.2,0.0,0.2,0.0,0.4,1.0,0.0
1877,barbell lateral lunge,upper legs,0.0,0.0,0.0,0.0,0.0,0.0,0.0,0.0,0.0,0.0,0.0,0.4,0.8,0.4,0.7,0.0
1878,barbell palms down wrist curl over a bench,lower arms,0.0,0.0,0.0,0.0,0.0,0.0,1.0,0.0,0.0,0.0,0.0,0.0,0.0,0.0,0.0,0.0
1879,barbell palms up wrist curl over a bench,lower arms,0.0,0.0,0.0,0.0,0.0,0.0,1.0,0.0,0.0,0.0,0.0,0.0,0.0,0.0,0.0,0.0
1880,cable reverse one arm curl,upper arms,0.0,0.0,0.0,0.0,0.5,0.0,0.6,0.0,0.0,0.0,0.0,0.0,0.0,0.0,0.0,0.0
1881,dumbbell one arm reverse preacher curl,upper arms,0.0,0.0,0.0,0.0,1.0,0.0,0.3,0.0,0.0,0.0,0.0,0.0,0.0,0.0,0.0,0.0
1882,dumbbell one arm seated neutral wrist curl,lower arms,0.0,0.0,0.0,0.0,0.0,0.0,1.0,0.0,0.0,0.0,0.0,0.0,0.0,0.0,0.0,0.0
1883,exercise ball one leg prone lower body rotation,upper legs,0.0,0.0,0.0,0.0,0.0,0.0,0.0,0.0,0.0,0.0,0.0,0.0,0.5,0.2,0.4,0.0
1884,exercise ball one legged diagonal kick hamstring curl,upper legs,0.0,0.0,0.0,0.0,0.0,0.0,0.0,0.0,0.0,0.0,0.0,0.0,0.5,0.2,0.4,0.0
1885,hug knees to chest,upper legs,0.0,0.0,0.0,0.0,0.0,0.0,0.0,0.0,0.0,0.0,0.0,0.0,0.5,0.2,0.4,0.0
1886,iron cross stretch,upper legs,0.1,0.0,0.0,0.0,0.0,0.0,0.0,0.0,0.0,0.0,0.0,0.0,0.0,0.1,0.0,0.0
1887,kneeling jump squat,upper legs,0.0,0.0,0.0,0.0,0.0,0.0,0.0,0.0,0.0,0.2,0.0,0.4,0.8,0.3,0.7,0.5
1888,modified push up to lower arms,lower arms,0.3,0.0,0.0,0.0,0.0,0.3,1.0,0.0,0.0,0.0,0.0,0.0,0.0,0.0,0.0,0.0
1889,pelvic tilt into bridge,upper legs,0.0,0.0,0.0,0.0,0.0,0.0,0.0,0.0,0.0,0.0,0.0,0.0,0.5,0.2,0.4,0.0
1890,reverse hyper on flat bench,upper legs,0.0,0.0,0.0,0.0,0.0,0.0,0.0,0.0,0.0,0.3,0.0,0.0,0.0,0.5,0.6,0.0
1891,seated glute stretch,upper legs,0.05,0.05,0.05,0.05,0.05,0.05,0.05,0.05,0.05,0.05,0.05,0.05,0.05,0.05,0.1,0.05
1892,sled 45 degrees one leg press,upper legs,0.0,0.0,0.0,0.0,0.0,0.0,0.0,0.0,0.0,0.0,0.0,0.0,0.8,0.4,0.6,0.2
1893,smith seated wrist curl,lower arms,0.0,0.0,0.0,0.0,0.0,0.0,1.0,0.0,0.0,0.0,0.0,0.0,0.0,0.0,0.0,0.0
1894,straight leg outer hip abductor,upper legs,0.0,0.0,0.0,0.0,0.0,0.0,0.0,0.0,0.0,0.0,0.0,0.0,0.5,0.2,0.4,0.0
1895,wrist circles,lower arms,0.0,0.0,0.0,0.0,0.0,0.0,0.6,0.0,0.0,0.0,0.0,0.0,0.0,0.0,0.0,0.0
1896,wide grip pull-up,back,0.0,0.0,0.0,0.0,0.4,0.0,0.0,1.0,0.3,0.0,0.0,0.0,0.0,0.0,0.0,0.0
1897,chest dip (on dip-pull-up cage),chest,0.8,0.3,0.0,0.0,0.0,0.7,0.0,0.0,0.0,0.0,0.0,0.2,0.0,0.0,0.0,0.0
1898,assisted standing chin-up,back,0.0,0.0,0.0,0.0,0.8,0.0,0.0,0.7,0.5,0.0,0.0,0.0,0.0,0.0,0.0,0.0
1899,assisted standing pull-up,back,0.0,0.0,0.0,0.0,0.6,0.0,0.0,0.9,0.5,0.0,0.0,0.0,0.0,0.0,0.0,0.0
1900,smith front squat (clean grip),upper legs,0.0,0.0,0.0,0.0,0.0,0.0,0.0,0.0,0.0,0.15,0.0,0.6,0.9,0.3,0.4,0.0
1901,smith low bar squat,upper legs,0.0,0.0,0.0,0.0,0.0,0.0,0.0,0.0,0.0,0.2,0.0,0.4,0.7,0.4,0.7,0.0
1902,barbell low bar squat,upper legs,0.0,0.0,0.0,0.0,0.0,0.0,0.0,0.0,0.0,0.2,0.0,0.4,0.7,0.4,0.7,0.0
1903,barbell high bar squat,upper legs,0.0,0.0,0.0,0.0,0.0,0.0,0.0,0.0,0.0,0.2,0.0,0.4,0.9,0.2,0.5,0.0
1904,dumbbell finger curls,lower arms,0.0,0.0,0.0,0.0,0.0,0.0,1.0,0.0,0.0,0.0,0.0,0.0,0.0,0.0,0.0,0.0
1905,kettlebell seated two arm military press,shoulders,0.0,0.8,0.5,0.0,0.0,0.5,0.0,0.0,0.0,0.0,0.0,0.3,0.0,0.0,0.0,0.0
1906,lever gripless shrug v. 2,back,0.0,0.0,0.0,0.0,0.0,0.0,0.3,0.0,0.6,0.0,0.0,0.0,0.0,0.0,0.0,0.0
1907,dumbbell over bench one arm reverse wrist curl,lower arms,0.0,0.0,0.0,0.0,0.0,0.0,0.9,0.0,0.0,0.0,0.0,0.0,0.0,0.0,0.0,0.0
1908,lever seated dip,upper arms,0.4,0.3,0.0,0.0,0.0,0.8,0.0,0.0,0.0,0.0,0.0,0.2,0.0,0.0,0.0,0.0
1909,lever seated crunch,waist,0.0,0.0,0.0,0.0,0.0,0.0,0.0,0.0,0.0,0.0,1.0,0.4,0.0,0.0,0.0,0.0
1910,barbell standing close grip military press,shoulders,0.0,0.8,0.5,0.0,0.0,0.5,0.0,0.0,0.0,0.0,0.0,0.3,0.0,0.0,0.0,0.0
1911,barbell standing wide military press,shoulders,0.0,0.8,0.5,0.0,0.0,0.5,0.0,0.0,0.0,0.0,0.0,0.3,0.0,0.0,0.0,0.0
1912,ez barbell seated curls,upper arms,0.0,0.0,0.0,0.0,1.0,0.0,0.3,0.0,0.0,0.0,0.0,0.0,0.0,0.0,0.0,0.0
1913,dumbbell romanian deadlift,upper legs,0.0,0.0,0.0,0.0,0.0,0.0,0.4,0.0,0.0,0.5,0.0,0.6,0.1,0.9,0.5,0.0
1914,walking lunge,upper legs,0.0,0.0,0.0,0.0,0.0,0.0,0.0,0.0,0.0,0.0,0.0,0.4,0.8,0.4,0.7,0.0
1930,oblique crunch v. 2,waist,0.0,0.0,0.0,0.0,0.0,0.0,0.0,0.0,0.0,0.0,1.0,0.4,0.0,0.0,0.0,0.0
1915,barbell full squat (back pov),upper legs,0.0,0.0,0.0,0.0,0.0,0.0,0.0,0.0,0.0,0.2,0.0,0.4,0.9,0.3,0.6,0.0
1916,barbell full squat (side pov),upper legs,0.0,0.0,0.0,0.0,0.0,0.0,0.0,0.0,0.0,0.2,0.0,0.4,0.9,0.3,0.6,0.0
1917,sled 45° leg press (side pov),upper legs,0.0,0.0,0.0,0.0,0.0,0.0,0.0,0.0,0.0,0.0,0.0,0.0,0.8,0.4,0.6,0.2
1918,sled 45° leg press (back pov),upper legs,0.0,0.0,0.0,0.0,0.0,0.0,0.0,0.0,0.0,0.0,0.0,0.0,0.8,0.4,0.6,0.2
1919,twist hip lift,upper legs,0.0,0.0,0.0,0.0,0.0,0.0,0.0,0.0,0.0,0.0,0.0,0.0,0.0,0.3,0.8,0.0
1920,push-up on lower arms,upper arms,0.5,0.3,0.0,0.0,0.0,0.7,0.0,0.0,0.0,0.0,0.0,0.0,0.0,0.0,0.0,0.0
1921,crab twist toe touch,waist,0.0,0.0,0.0,0.0,0.0,0.0,0.0,0.0,0.0,0.2,0.7,0.5,0.0,0.0,0.0,0.0
1922,inchworm,waist,0.3,0.0,0.0,0.0,0.0,0.3,0.0,0.0,0.0,0.0,0.4,0.6,0.0,0.3,0.0,0.0
1923,forward jump,upper legs,0.0,0.0,0.0,0.0,0.0,0.0,0.0,0.0,0.0,0.0,0.0,0.3,0.7,0.0,0.5,0.6
1924,backward jump,upper legs,0.0,0.0,0.0,0.0,0.0,0.0,0.0,0.0,0.0,0.0,0.0,0.3,0.7,0.0,0.5,0.6
1925,one leg squat,upper legs,0.0,0.0,0.0,0.0,0.0,0.0,0.0,0.0,0.0,0.2,0.0,0.6,1.0,0.3,0.6,0.0
1926,lever incline chest press v. 2,chest,1.0,0.3,0.0,0.0,0.0,0.3,0.0,0.0,0.0,0.0,0.0,0.0,0.0,0.0,0.0,0.0
1927,sissy squat,upper legs,0.0,0.0,0.0,0.0,0.0,0.0,0.0,0.0,0.0,0.2,0.0,0.3,1.0,0.3,0.6,0.0
1928,standing calf raise (on a staircase),lower legs,0.0,0.0,0.0,0.0,0.0,0.0,0.0,0.0,0.0,0.0,0.0,0.0,0.0,0.0,0.0,1.0
1929,butterfly yoga pose,upper legs,0.0,0.0,0.0,0.0,0.0,0.0,0.0,0.0,0.0,0.0,0.0,0.0,0.5,0.2,0.4,0.0
1933,all fours squad stretch,upper legs,0.05,0.05,0.05,0.05,0.05,0.05,0.05,0.05,0.05,0.05,0.05,0.05,0.1,0.05,0.05,0.05
1934,barbell full zercher squat,upper legs,0.0,0.0,0.0,0.0,0.3,0.0,0.0,0.0,0.0,0.2,0.0,0.5,0.8,0.3,0.5,0.0
1935,chair leg extended stretch,upper legs,0.0,0.0,0.0,0.0,0.0,0.0,0.0,0.0,0.0,0.0,0.0,0.0,0.1,0.1,0.0,0.0
1936,exercise ball hip flexor stretch,upper legs,0.05,0.05,0.05,0.05,0.05,0.05,0.05,0.05,0.05,0.05,0.05,0.05,0.1,0.05,0.05,0.05
1937,exercise ball seated hamstring stretch,upper legs,0.0,0.0,0.0,0.0,0.0,0.0,0.0,0.0,0.0,0.0,0.0,0.0,0.1,0.1,0.0,0.0
1938,intermediate hip flexor and quad stretch,upper legs,0.05,0.05,0.05,0.05,0.05,0.05,0.05,0.05,0.05,0.05,0.05,0.05,0.1,0.05,0.05,0.05
1939,leg up hamstring stretch,upper legs,0.0,0.0,0.0,0.0,0.0,0.0,0.0,0.0,0.0,0.0,0.0,0.0,0.1,0.1,0.0,0.0
1940,reclining big toe pose with rope,upper legs,0.0,0.0,0.0,0.0,0.0,0.0,0.0,0.0,0.0,0.0,0.0,0.0,0.5,0.2,0.4,0.0
1941,runners stretch,upper legs,0.0,0.0,0.0,0.0,0.0,0.0,0.0,0.0,0.0,0.0,0.0,0.0,0.1,0.1,0.0,0.0
1942,seated wide angle pose sequence,upper legs,0.0,0.0,0.0,0.0,0.0,0.0,0.0,0.0,0.0,0.0,0.0,0.0,0.5,0.2,0.4,0.0
1943,standing hamstring and calf stretch with strap,upper legs,0.0,0.0,0.0,0.0,0.0,0.0,0.0,0.0,0.0,0.0,0.0,0.0,0.1,0.1,0.0,0.0
1944,world greatest stretch,upper legs,0.0,0.0,0.0,0.0,0.0,0.0,0.0,0.1,0.0,0.1,0.0,0.0,0.15,0.15,0.1,0.0
1945,lever preacher curl v. 2,upper arms,0.0,0.0,0.0,0.0,1.0,0.0,0.3,0.0,0.0,0.0,0.0,0.0,0.0,0.0,0.0,0.0
1946,lever hammer grip preacher curl,upper arms,0.0,0.0,0.0,0.0,1.0,0.0,0.5,0.0,0.0,0.0,0.0,0.0,0.0,0.0,0.0,0.0
1947,lever reverse grip preacher curl,upper arms,0.0,0.0,0.0,0.0,1.0,0.0,0.3,0.0,0.0,0.0,0.0,0.0,0.0,0.0,0.0,0.0
1948,dumbbell decline one arm hammer press,upper arms,0.6,0.2,0.0,0.0,0.0,0.7,0.0,0.0,0.0,0.0,0.0,0.0,0.0,0.0,0.0,0.0
1949,dumbbell incline hammer press on exercise ball,upper arms,0.6,0.2,0.0,0.0,0.0,0.7,0.0,0.0,0.0,0.0,0.0,0.0,0.0,0.0,0.0,0.0
1950,dumbbell incline one arm hammer press,upper arms,0.6,0.2,0.0,0.0,0.0,0.7,0.0,0.0,0.0,0.0,0.0,0.0,0.0,0.0,0.0,0.0
1951,dumbbell incline one arm hammer press on exercise ball,upper arms,0.6,0.2,0.0,0.0,0.0,0.7,0.0,0.0,0.0,0.0,0.0,0.0,0.0,0.0,0.0,0.0
1952,dumbbell one arm hammer press on exercise ball,upper arms,0.6,0.2,0.0,0.0,0.0,0.7,0.0,0.0,0.0,0.0,0.0,0.0,0.0,0.0,0.0,0.0
1953,dumbbell one arm reverse grip press,chest,0.8,0.3,0.0,0.0,0.0,0.3,0.0,0.0,0.0,0.0,0.0,0.0,0.0,0.0,0.0,0.0
1954,dumbbell palms in incline bench press,upper arms,0.6,0.0,0.0,0.0,0.0,0.6,0.0,0.0,0.0,0.0,0.0,0.0,0.0,0.0,0.0,0.0
1955,dumbbell reverse bench press,chest,1.0,0.3,0.0,0.0,0.0,0.3,0.0,0.0,0.0,0.0,0.0,0.0,0.0,0.0,0.0,0.0
1956,smith machine decline close grip bench press,upper arms,0.5,0.2,0.0,0.0,0.0,0.8,0.0,0.0,0.0,0.0,0.0,0.0,0.0,0.0,0.0,0.0
1957,smith machine reverse decline close grip bench press,chest,0.6,0.15,0.0,0.0,0.0,0.7,0.0,0.0,0.0,0.0,0.0,0.0,0.0,0.0,0.0,0.0
1958,ez barbell close grip preacher curl,upper arms,0.0,0.0,0.0,0.0,1.0,0.0,0.3,0.0,0.0,0.0,0.0,0.0,0.0,0.0,0.0,0.0
1959,ez barbell spider curl,upper arms,0.0,0.0,0.0,0.0,1.0,0.0,0.3,0.0,0.0,0.0,0.0,0.0,0.0,0.0,0.0,0.0
1960,barbell standing wide grip biceps curl,upper arms,0.0,0.0,0.0,0.0,1.0,0.0,0.3,0.0,0.0,0.0,0.0,0.0,0.0,0.0,0.0,0.0
1961,cable close grip curl,upper arms,0.0,0.0,0.0,0.0,1.0,0.0,0.3,0.0,0.0,0.0,0.0,0.0,0.0,0.0,0.0,0.0
1962,cable concentration curl,upper arms,0.0,0.0,0.0,0.0,1.0,0.0,0.1,0.0,0.0,0.0,0.0,0.0,0.0,0.0,0.0,0.0
1963,cable drag curl,upper arms,0.0,0.0,0.0,0.0,1.0,0.0,0.3,0.0,0.0,0.0,0.0,0.0,0.0,0.0,0.0,0.0
1964,cable one arm preacher curl,upper arms,0.0,0.0,0.0,0.0,1.0,0.0,0.3,0.0,0.0,0.0,0.0,0.0,0.0,0.0,0.0,0.0
1965,cable lying bicep curl,upper arms,0.0,0.0,0.0,0.0,1.0,0.0,0.3,0.0,0.0,0.0,0.0,0.0,0.0,0.0,0.0,0.0
1966,cable one arm reverse preacher curl,upper arms,0.0,0.0,0.0,0.0,1.0,0.0,0.3,0.0,0.0,0.0,0.0,0.0,0.0,0.0,0.0,0.0
1967,cable overhead curl,upper arms,0.0,0.0,0.0,0.0,1.0,0.0,0.3,0.0,0.0,0.0,0.0,0.0,0.0,0.0,0.0,0.0
1968,cable overhead curl on exercise ball,upper arms,0.0,0.0,0.0,0.0,1.0,0.0,0.3,0.0,0.0,0.0,0.0,0.0,0.0,0.0,0.0,0.0
1969,cable pulldown bicep curl,upper arms,0.0,0.0,0.0,0.0,1.0,0.0,0.3,0.0,0.0,0.0,0.0,0.0,0.0,0.0,0.0,0.0
1970,cable rope hammer preacher curl,upper arms,0.0,0.0,0.0,0.0,1.0,0.0,0.5,0.0,0.0,0.0,0.0,0.0,0.0,0.0,0.0,0.0
1971,cable rope one arm hammer preacher curl,upper arms,0.0,0.0,0.0,0.0,1.0,0.0,0.5,0.0,0.0,0.0,0.0,0.0,0.0,0.0,0.0,0.0
1972,cable seated curl,upper arms,0.0,0.0,0.0,0.0,1.0,0.0,0.3,0.0,0.0,0.0,0.0,0.0,0.0,0.0,0.0,0.0
1973,cable seated one arm concentration curl,upper arms,0.0,0.0,0.0,0.0,1.0,0.0,0.1,0.0,0.0,0.0,0.0,0.0,0.0,0.0,0.0,0.0
1986,dumbbell biceps curl squat,upper arms,0.0,0.0,0.0,0.0,1.0,0.0,0.3,0.0,0.0,0.0,0.0,0.0,0.0,0.0,0.0,0.0
1974,cable seated overhead curl,upper arms,0.0,0.0,0.0,0.0,1.0,0.0,0.3,0.0,0.0,0.0,0.0,0.0,0.0,0.0,0.0,0.0
1975,cable squatting curl,upper arms,0.0,0.0,0.0,0.0,1.0,0.0,0.3,0.0,0.0,0.0,0.0,0.0,0.0,0.0,0.0,0.0
1976,cable two arm curl on incline bench,upper arms,0.0,0.0,0.0,0.0,1.0,0.0,0.3,0.0,0.0,0.0,0.0,0.0,0.0,0.0,0.0,0.0
1977,dumbbell alternate hammer preacher curl,upper arms,0.0,0.0,0.0,0.0,1.0,0.0,0.5,0.0,0.0,0.0,0.0,0.0,0.0,0.0,0.0,0.0
1978,dumbbell alternate preacher curl,upper arms,0.0,0.0,0.0,0.0,1.0,0.0,0.3,0.0,0.0,0.0,0.0,0.0,0.0,0.0,0.0,0.0
1979,dumbbell alternate seated hammer curl,upper arms,0.0,0.0,0.0,0.0,0.7,0.0,0.5,0.0,0.0,0.0,0.0,0.0,0.0,0.0,0.0,0.0
1980,dumbbell alternating bicep curl with leg raised on exercise ball,upper arms,0.0,0.0,0.0,0.0,1.0,0.0,0.3,0.0,0.0,0.0,0.0,0.0,0.0,0.0,0.0,0.0
1981,dumbbell alternating seated bicep curl on exercise ball,upper arms,0.0,0.0,0.0,0.0,1.0,0.0,0.3,0.0,0.0,0.0,0.0,0.0,0.0,0.0,0.0,0.0
1982,dumbbell bicep curl lunge with bowling motion,upper arms,0.0,0.0,0.0,0.0,1.0,0.0,0.3,0.0,0.0,0.0,0.0,0.0,0.0,0.0,0.0,0.0
1983,dumbbell bicep curl on exercise ball with leg raised,upper arms,0.0,0.0,0.0,0.0,1.0,0.0,0.3,0.0,0.0,0.0,0.0,0.0,0.0,0.0,0.0,0.0
1984,dumbbell bicep curl with stork stance,upper arms,0.0,0.0,0.0,0.0,1.0,0.0,0.3,0.0,0.0,0.0,0.0,0.0,0.0,0.0,0.0,0.0
1985,dumbbell biceps curl reverse,upper arms,0.0,0.0,0.0,0.0,0.5,0.0,0.6,0.0,0.0,0.0,0.0,0.0,0.0,0.0,0.0,0.0
1987,dumbbell biceps curl v sit on bosu ball,upper arms,0.0,0.0,0.0,0.0,1.0,0.0,0.3,0.0,0.0,0.0,0.0,0.0,0.0,0.0,0.0,0.0
1988,dumbbell cross body hammer curl v. 2,upper arms,0.0,0.0,0.0,0.0,0.7,0.0,0.5,0.0,0.0,0.0,0.0,0.0,0.0,0.0,0.0,0.0
1989,dumbbell lunge with bicep curl,upper arms,0.0,0.0,0.0,0.0,1.0,0.0,0.3,0.0,0.0,0.0,0.0,0.0,0.0,0.0,0.0,0.0
1990,dumbbell hammer curl on exercise ball,upper arms,0.0,0.0,0.0,0.0,0.7,0.0,0.5,0.0,0.0,0.0,0.0,0.0,0.0,0.0,0.0,0.0
1991,dumbbell kneeling bicep curl exercise ball,upper arms,0.0,0.0,0.0,0.0,1.0,0.0,0.3,0.0,0.0,0.0,0.0,0.0,0.0,0.0,0.0,0.0
1992,dumbbell lying supine biceps curl,upper arms,0.0,0.0,0.0,0.0,1.0,0.0,0.3,0.0,0.0,0.0,0.0,0.0,0.0,0.0,0.0,0.0
1993,dumbbell lying wide curl,upper arms,0.0,0.0,0.0,0.0,1.0,0.0,0.3,0.0,0.0,0.0,0.0,0.0,0.0,0.0,0.0,0.0
1994,dumbbell one arm hammer preacher curl,upper arms,0.0,0.0,0.0,0.0,1.0,0.0,0.5,0.0,0.0,0.0,0.0,0.0,0.0,0.0,0.0,0.0
1995,dumbbell high curl,upper arms,0.0,0.0,0.0,0.0,1.0,0.0,0.3,0.0,0.0,0.0,0.0,0.0,0.0,0.0,0.0,0.0
1996,dumbbell one arm prone curl,upper arms,0.0,0.0,0.0,0.0,1.0,0.0,0.3,0.0,0.0,0.0,0.0,0.0,0.0,0.0,0.0,0.0
1997,dumbbell one arm prone hammer curl,upper arms,0.0,0.0,0.0,0.0,0.7,0.0,0.5,0.0,0.0,0.0,0.0,0.0,0.0,0.0,0.0,0.0
1998,dumbbell one arm reverse spider curl,upper arms,0.0,0.0,0.0,0.0,1.0,0.0,0.6,0.0,0.0,0.0,0.0,0.0,0.0,0.0,0.0,0.0
1999,dumbbell one arm seated bicep curl on exercise ball,upper arms,0.0,0.0,0.0,0.0,1.0,0.0,0.3,0.0,0.0,0.0,0.0,0.0,0.0,0.0,0.0,0.0
2000,dumbbell one arm seated hammer curl,upper arms,0.0,0.0,0.0,0.0,0.7,0.0,0.5,0.0,0.0,0.0,0.0,0.0,0.0,0.0,0.0,0.0
